"","V1","V2","V3","V4","V5","V6","V7","V8","V9","V10","V11"
"1",0.148,0,4,6,137.915,1969,148.03546,-9.843,121.274,8,14
"2",0,1,4,0,217.124,1982,233.40363,-9.013,119.293,11,14
"3",0.066,1,4,2,198.699,2007,209.60608,-4.501,129.738,12,10
"4",5.3,1,4,4,258.99,1984,269.81832,-13.496,86.643,6,14
"5",0,1,4,7,486.034,1987,491.12771,-8.576,119.826,12,14
"6",0.145,1,4,7,285.605,2004,290.29832,-5.271,150.062,4,14
"7",0.061,1,4,7,204.696,2004,207.77751,-4.264,166.862,12,7
"8",0,1,1,7,225.097,0,225.09669,-5.908,164.672,10,14
"9",0,1,4,2,87.806,2003,95.68608,-2.022,115.887,23,14
"10",0.183,1,4,1,246.19,1992,248.78975,-7.805,116.721,3,1
"11",0.734,1,4,0,168.699,2006,175.72526,-10.93,141.919,12,3
"12",0.071,1,5,7,237.598,2009,251.42812,-12.009,86.091,14,5
"13",0,1,4,7,298.347,1995,300.79955,-13.33,124.175,22,14
"14",0.322,1,4,7,224.049,1990,246.69995,-9.603,112.903,2,6
"15",0,0,4,11,213.664,2004,229.61587,-4.882,105.206,7,9
"16",0.286,0,4,0,399.9,2000,426.89261,-12.951,63.017,12,3
"17",0.229,1,1,9,130.026,1963,136.48934,-9.091,129.122,13,9
"18",0.165,1,4,3,192.087,1990,195.91791,-11.98,91.487,8,2
"19",0.113,1,4,2,279.179,2005,288.41751,-8.165,115.606,8,14
"20",0,0,5,1,121.005,2001,124.18567,-10.296,85.008,20,11
"21",0,1,3,7,253.452,2005,261.95546,-13.627,100.194,8,2
"22",0.45,1,4,8,322.101,1994,329.27302,-7.103,116.473,21,13
"23",3.344,1,4,9,273.589,2001,292.8322,-4.953,133.306,17,14
"24",2.566,0,1,10,289.332,1991,301.81832,-8.095,61.971,10,12
"25",0,0,5,6,396.533,1997,416.80934,-7.982,124.04,12,14
"26",4.267,0,3,4,414.697,2006,428.56444,-8.403,105.994,8,14
"27",0.078,0,4,6,135.285,1986,140.66893,-28.347,89.495,12,10
"28",0,0,4,4,185.289,2005,190.24934,-4.172,75.031,22,14
"29",2.67,1,4,7,248.337,1981,255.16363,-10.756,150.837,7,14
"30",0.416,1,4,2,339.754,1997,345.93914,-6.951,153.862,8,14
"31",3.489,1,4,0,250.921,1986,261.74649,-9.628,124.086,1,14
"32",0,1,1,5,117.661,2005,133.27628,-15.736,89.86,18,14
"33",0,1,4,9,251.141,2006,264.69832,-5.871,156.097,8,9
"34",0.27,1,4,6,192.182,2007,192.1824,-6.258,155.038,19,11
"35",0.38,1,4,0,316.447,2001,327.8624,-6.531,125.975,1,9
"36",0.194,1,4,4,218.827,2003,218.8273,-3.803,186.254,8,10
"37",0,1,4,7,214.941,1999,224.522,-6.694,94.057,8,7
"38",0.229,1,4,2,233.586,2001,233.58649,-3.937,89.78,24,7
"39",0.107,1,3,10,276.95,2007,288.49587,-5.912,160.022,8,7
"40",0.133,1,4,1,173.761,0,181.55057,-9.334,120.097,22,14
"41",0,0,4,10,229.837,2003,241.52771,-7.255,108.264,8,14
"42",0.318,1,3,9,150.065,0,159.03302,-9.668,165.668,18,2
"43",0.386,1,4,4,195.785,2008,205.21751,-4.332,82.205,14,9
"44",0,1,4,1,147.696,2006,153.28608,-7.535,125.558,4,3
"45",0,1,1,9,156.032,1998,168.38485,-12.77,98.49,8,14
"46",0,0,4,6,266.422,2000,266.4224,-5.947,80.149,23,11
"47",0.427,1,3,7,308.094,1989,313.7824,-11.488,107.197,21,1
"48",0.085,1,4,8,219.214,1989,224.60036,-13.256,210.871,16,4
"49",4.569,1,4,0,226.569,1999,236.25098,-5.12,112.787,8,9
"50",0.537,1,4,9,198.159,2004,207.43791,-11.255,97.538,24,9
"51",0,1,4,1,333.769,1998,338.1024,-6.318,185.88,23,11
"52",0,1,4,2,202.374,2007,221.67465,-2.838,91.483,14,14
"53",3.692,1,4,7,210.245,0,212.61016,-8.548,116.11,7,14
"54",0.129,0,4,9,146.036,1991,149.99465,-5.165,120.001,15,11
"55",0,1,4,0,213.008,2005,215.53587,-2.315,188.924,12,7
"56",5.254,1,4,9,480.403,1985,492.30322,-12.091,193.56,14,14
"57",0.206,1,4,10,249.156,2003,256.10404,-7.758,91.198,3,13
"58",0,1,3,7,271.72,1999,291.02975,-4.507,179.988,23,14
"59",2.786,1,4,7,227.498,2005,237.42649,-4.621,80.41,21,14
"60",0.415,1,4,6,170.156,2006,172.19873,-4.806,131.079,23,14
"61",2.084,0,4,6,333.456,0,359.73179,-7.301,133.383,18,14
"62",2.635,1,4,2,172.054,2001,180.97587,-3.637,142.68,8,14
"63",0,0,3,2,238.51,2001,251.81995,-8.654,229.913,2,4
"64",0.264,0,1,6,194.502,1983,202.94485,-18.863,133.398,18,14
"65",0,1,4,9,462.222,2007,466.65098,-7.714,114.73,17,14
"66",0.212,0,4,5,276.59,1999,293.92934,-9.464,163.567,8,15
"67",0.194,0,4,5,178.672,2007,187.6371,-7.188,150.066,1,9
"68",0.154,1,4,7,169.558,0,174.81098,-3.235,86.62,14,9
"69",0,1,4,0,143.139,2004,146.59873,-7.249,160.009,13,7
"70",0,1,1,4,141.398,1995,148.1922,-19.976,115.066,2,9
"71",0.17,1,1,7,219.655,1997,225.12281,-7.315,200.716,1,9
"72",0.071,1,1,7,250.357,2008,250.3571,-5.766,125.086,23,14
"73",3.065,1,4,2,350.372,2009,362.31791,-6.762,90.027,17,7
"74",0.104,1,1,5,217.298,0,231.18322,-9.647,92.98,18,13
"75",0,0,4,10,316.772,0,327.88853,-5.703,127,23,3
"76",6.844,1,4,7,266.223,0,280.45016,-6.876,97.02,2,6
"77",0.131,1,4,7,243.125,1999,254.01424,-7.199,127.745,11,14
"78",0,1,4,2,179.188,2006,190.56281,-10.548,89.966,8,1
"79",0,1,4,8,133.625,0,141.19138,-9.56,91.704,21,9
"80",0.618,1,4,1,229.976,2003,240.43057,-4.714,97.148,8,14
"81",0.34,1,4,7,183.844,2004,194.35057,-13.047,151.5,8,4
"82",0.255,0,4,9,281.141,2002,298.37016,-6.311,111.903,14,1
"83",2.955,1,1,6,346.448,1999,359.6273,-10.609,141.334,8,10
"84",0.16,1,4,4,229.825,2001,234.52689,-6.022,167.909,23,11
"85",0.177,1,4,7,258.885,2005,290.97751,-15.546,121.773,8,2
"86",0,1,3,7,314.23,0,324.85832,-10.086,102.756,9,14
"87",0.456,1,4,4,230.075,1992,235.41506,-5.492,129.318,23,14
"88",0.212,0,4,4,224.177,2003,230.42567,-5.981,86.82,8,14
"89",0.346,1,1,4,188.943,1927,188.94322,-17.714,99.076,7,1
"90",0.073,1,4,1,252.204,2006,260.54485,-5.202,129.984,23,3
"91",0.276,1,4,4,187.582,2000,197.19791,-29.75,127.782,2,5
"92",0.238,1,5,5,275.528,2001,280.21506,-3.306,173.205,12,7
"93",0,1,4,10,216.195,1998,222.09261,-7.974,106.769,20,11
"94",0.183,1,1,0,275.418,2003,283.74159,-11.766,116.621,12,14
"95",3.413,0,4,6,200.789,2005,212.29669,-3.753,85.029,12,14
"96",0,1,3,11,147.603,2004,149.91628,-8.225,165.546,21,11
"97",0,1,4,0,256.592,2009,280.24118,-9.074,64.811,1,3
"98",0.125,0,4,9,132.737,0,138.4224,-4.994,201.951,21,2
"99",0,0,4,9,279.319,1999,286.24934,-9.033,119.428,1,14
"100",0,0,3,4,347.846,2002,347.84608,-6.774,152.214,12,9
"101",0,0,4,10,219.173,2006,225.64526,-4.442,110.994,23,14
"102",0.119,1,4,11,211.569,1989,215.11791,-5.945,101.742,4,14
"103",0.224,1,4,9,152.816,1968,159.60771,-13.592,105.202,14,2
"104",0.976,1,5,7,200.899,0,209.99791,-6.186,145.689,14,14
"105",0,0,4,9,215.208,1999,218.61832,-2.599,200.061,23,7
"106",0,1,1,5,248.79,1989,248.78975,-11.814,128.598,7,14
"107",0,1,4,7,323.186,2007,323.18649,-4.238,150.11,23,7
"108",0.183,1,4,7,250.358,2002,269.73995,-7.462,103.009,9,14
"109",0,0,4,9,85.263,1983,85.26322,-9.614,86.536,24,10
"110",0.078,1,4,4,267.685,2008,271.85587,-4.002,120.119,5,3
"111",1.46,1,4,6,269.328,1999,275.69587,-6.518,80.979,14,9
"112",0.119,1,4,2,246.213,0,259.68281,-18.184,141.51,1,2
"113",0,1,4,5,417.671,2004,417.67138,-7.865,181.549,23,12
"114",0.062,1,5,2,180.024,1977,189.30893,-7.54,86.902,7,14
"115",0.148,1,4,4,257.248,1995,263.8624,-5.498,136.459,4,14
"116",0.647,1,4,0,287.277,1983,298.89261,-6.375,119.903,1,13
"117",0,1,4,9,181.481,2007,189.75302,-5.991,168.248,8,14
"118",0.149,0,4,7,175.299,1994,194.40281,-6.942,145.228,14,14
"119",0.241,1,4,11,172.141,2004,174.602,-4.022,142.01,8,14
"120",0.061,1,1,6,180.251,1996,184.2673,-10.72,98.623,21,1
"121",0.119,1,4,11,315.31,1969,324.70159,-11.359,167.841,6,14
"122",0,0,4,10,214.698,2000,223.52934,-5.304,111.004,21,9
"123",0,1,4,9,169.059,2007,173.37424,-5.516,201.333,23,7
"124",0.147,1,4,0,190.346,2003,195.5522,-6.675,196.137,2,6
"125",0.374,1,4,7,154.749,1992,159.34649,-16.163,42.654,15,5
"126",1.483,1,3,2,216.178,1972,221.962,-28.946,104.469,21,1
"127",0,1,4,1,248.413,1999,260.33587,-5.869,100.694,24,11
"128",0,1,1,5,227.097,2002,238.47138,-3.947,183.58,20,11
"129",2.345,1,3,7,289.21,1981,308.94975,-14.178,139.402,17,14
"130",3.257,1,1,8,229.767,1986,237.13914,-8.591,156.65,22,14
"131",2.368,1,4,9,284.311,1995,312.13669,-7.207,122.243,7,14
"132",3.32,1,4,3,461.926,2008,472.45016,-3.258,111.504,23,7
"133",0,1,1,7,159.655,0,163.29098,-5.084,126.464,2,14
"134",3.268,1,4,0,102.806,1999,108.40771,-6.695,131.078,8,14
"135",0.206,1,4,7,133.863,2007,144.03873,-3.942,152.041,8,14
"136",2.148,1,3,3,192.789,2009,204.40771,-2.192,194.532,8,10
"137",0.302,0,4,11,120.796,1987,125.90975,-9.96,186.159,12,7
"138",0.198,1,4,2,197.671,2003,208.32608,-6.067,136.932,8,1
"139",0,1,3,4,274.187,2007,295.23546,-6.163,124.078,17,7
"140",0,0,4,7,228.989,2008,228.98893,-3.257,88.127,11,14
"141",0,1,4,7,191.872,2004,195.29098,-7.163,150.155,7,14
"142",0.158,1,3,2,241.795,2007,253.67465,-7.442,150.83,14,14
"143",15.488,1,4,7,245.133,2007,277.99465,-8.878,80.023,12,14
"144",0,0,3,6,130.525,2004,136.98567,-5.654,154.211,8,14
"145",0.098,1,3,2,224.804,1970,232.64608,-19.991,74.665,1,2
"146",3.355,0,4,6,207.128,2004,224.62649,-5.627,103.433,20,11
"147",0.386,0,4,0,184.662,1995,194.61179,-7.683,110.178,18,5
"148",0,1,4,2,202.96,2004,217.10322,-5.75,146.683,18,14
"149",0.154,1,4,11,208.132,2009,215.74485,-6.81,151.936,3,14
"150",2.914,1,4,2,344.752,2008,351.32036,-7.168,128.976,8,3
"151",0.13,0,3,11,180.86,2002,196.62322,-14.301,96.027,12,2
"152",0,1,4,5,253.806,1996,259.76118,-10.175,137.342,23,9
"153",0.09,0,4,6,229.622,0,242.15465,-3.38,95.464,20,11
"154",0.189,1,4,7,191.947,1995,191.9473,-7.711,97.643,20,14
"155",0.345,1,4,7,250.392,0,265.97832,-5.425,150.116,14,14
"156",0,0,7,3,443.689,2007,443.68934,-6.465,100.331,8,7
"157",0.346,1,4,3,241.993,2004,252.86485,-10.468,123.997,1,4
"158",3.268,1,4,2,185.94,1977,194.97751,-9.769,91.453,8,14
"159",2.763,1,4,8,198.583,2006,209.162,-7.078,125.057,1,14
"160",0.183,1,5,5,229.198,0,238.41914,-7.404,123.81,0,14
"161",0.385,0,4,2,154.305,2000,154.30485,-8.328,94.905,21,11
"162",0,0,4,2,287.672,0,296.95955,-4.854,128.134,23,14
"163",0.148,1,1,3,136.319,1962,145.162,-6.643,129.781,9,13
"164",0.142,1,4,2,161.472,2004,166.29506,-6.467,82.909,20,14
"165",15.018,1,4,0,299.619,0,313.70404,-12.679,137.068,11,14
"166",0,1,3,6,177.046,2006,189.70077,-12.1,119.683,0,9
"167",3.663,1,4,3,394.043,1999,399.882,-10.648,85.399,1,14
"168",0.345,0,4,6,221.931,2001,225.48853,-4.947,106.919,11,9
"169",2.926,0,3,0,194.769,2003,206.81098,-3.738,85.331,8,9
"170",0.09,1,4,11,277.812,0,277.81179,-5.431,133.005,23,14
"171",0.519,1,4,7,191.025,1995,200.75057,-11.448,202.829,8,14
"172",0,1,4,5,75.9,2004,80.53506,-6.855,104.783,24,11
"173",0.079,1,1,6,158.174,1968,168.01914,-11.803,103.088,5,13
"174",0.13,1,4,0,298.969,1971,307.722,-8.392,75.706,9,14
"175",7.297,0,4,4,198.177,0,201.03791,-4.65,177.152,6,14
"176",0,1,4,0,171.508,1977,188.96934,-12.193,174.785,17,2
"177",0,1,1,2,335.333,1987,335.33342,-5.763,76.096,16,14
"178",0.166,1,4,2,348.775,2006,356.54485,-10.06,129.277,17,14
"179",2.188,1,4,10,262.373,0,262.37342,-11.291,129.047,2,6
"180",2.606,1,3,10,175.514,2009,180.13995,-4.422,121.354,12,14
"181",0.171,1,1,7,136.638,1994,143.64689,-11.661,156.079,8,10
"182",0.496,1,4,1,189.57,1997,189.57016,-3.492,169.237,16,7
"183",0.27,1,4,2,203.395,2009,212.92363,-5.429,209.739,23,14
"184",6.751,1,4,0,156.723,1996,165.40689,-12.987,147.508,21,14
"185",0,1,5,0,167.729,1989,171.10159,-6.176,115.737,2,12
"186",0.293,1,1,3,189.219,1994,195.3171,-13.141,93.312,8,2
"187",0,0,4,11,222.275,2001,222.27546,-6.338,160.783,23,7
"188",3.791,1,3,4,161.773,0,168.48934,-10.38,89.219,14,2
"189",0.183,1,3,4,164.148,1964,172.72118,-7.343,107.455,3,14
"190",0.067,1,4,0,167.445,2004,171.72853,-5.92,86.007,20,11
"191",0,1,4,2,501.054,1991,501.05424,-8.508,148.642,0,14
"192",0.38,1,3,0,514.049,1994,528.14322,-12.797,175.663,1,1
"193",0.334,1,4,2,179.664,2010,196.20526,-7.045,107.042,8,14
"194",0,1,4,4,211.656,2009,225.67138,-12.637,103.647,8,14
"195",0.125,1,7,1,227.552,0,227.5522,-5.355,64.734,16,12
"196",0.2,1,4,0,209.572,2003,216.92036,-8.238,123.943,3,9
"197",2.218,1,1,10,71.21,1984,78.96771,-21.997,59.253,23,13
"198",0.102,0,4,10,225.495,2007,233.42975,-6.209,220.031,8,9
"199",0.403,1,4,9,153.925,1988,159.60771,-9.224,125.1,5,14
"200",0.125,1,4,1,241.458,2006,254.51057,-4.952,91.97,5,14
"201",0.104,1,5,10,219.649,2006,225.20118,-3.198,142.946,7,9
"202",14.518,1,4,2,301.552,1999,323.7873,-6.994,122,12,14
"203",0,1,4,7,267.476,2004,276.45342,-6.51,150.012,13,7
"204",0.172,0,3,4,80.167,2005,82.85995,-19.368,159.212,18,14
"205",0,1,4,10,167.277,2003,170.84036,-2.323,145.18,23,14
"206",0.299,0,4,11,198.089,0,207.17669,-6.186,189.825,11,14
"207",0,1,4,10,299.508,2007,317.36118,-4.061,112.277,23,14
"208",5.317,1,4,10,218.506,1991,237.45261,-13.486,158.57,23,12
"209",0.397,1,1,5,268.301,0,271.22893,-10.913,80.864,8,1
"210",0.214,1,4,2,143.941,0,149.18485,-7.848,120.183,7,14
"211",0.49,1,4,9,391.872,2008,409.96526,-2.93,116.49,23,14
"212",0,0,3,4,219.794,2006,233.66485,-11.104,160.052,10,14
"213",0.188,0,4,6,243.287,2000,247.562,-6.57,106.435,20,11
"214",2.519,1,4,1,223.266,2008,227.70893,-8.901,87.953,18,14
"215",0.113,1,5,4,260.777,0,274.78159,-5.958,92.998,20,11
"216",0.084,0,4,4,175.525,2006,184.00608,-2.895,127.15,5,14
"217",7.007,0,1,1,196.545,2003,210.54649,-12.26,130.325,12,14
"218",0,0,4,2,136.214,2009,140.40771,-4.459,207.974,23,14
"219",0.119,1,4,8,211.598,2005,219.81995,-3.67,91.011,23,14
"220",0,1,5,6,120.868,2000,120.86812,-6.72,170.081,21,11
"221",2.322,1,4,9,217.641,2008,229.45914,-3.8,82.282,8,14
"222",2.02,1,4,7,277.211,2000,289.30567,-2.973,174.69,21,11
"223",0,1,4,4,141.56,2001,153.33832,-5.92,133.986,12,14
"224",0,1,4,7,404.584,1996,404.58404,-8.087,119.713,12,14
"225",0.531,1,4,4,219.458,1995,222.30159,-7.3,161.456,5,14
"226",0.102,0,3,10,439.478,1994,441.96526,-6.962,133.903,12,3
"227",0.27,1,4,7,173.099,2005,184.55465,-8.7,86.971,18,9
"228",0,0,7,10,253.301,2000,265.61261,-5.145,153.211,23,7
"229",0.328,0,1,4,269.903,1993,273.78893,-10.27,193.575,2,6
"230",0.357,1,4,8,258.664,1995,261.79873,-7.51,200.199,23,7
"231",0.194,1,4,2,202.879,1998,210.07628,-8.522,189.616,12,14
"232",0.142,1,4,7,197.277,0,204.25098,-5.145,168.459,13,14
"233",5.358,0,4,5,250.955,1986,269.94893,-4.357,124.973,21,9
"234",0.375,0,4,5,249.388,2003,260.20526,-6.259,149.913,14,13
"235",0.078,1,4,9,146.588,2007,148.92363,-4.912,95.611,10,14
"236",0.078,1,4,5,215.911,2001,228.62322,-4.739,104.587,4,14
"237",0.108,1,5,3,287.794,0,291.13424,-12.446,93.331,17,5
"238",0.073,1,1,4,204.138,1981,217.96526,-10.011,107.657,7,14
"239",0,1,4,1,195.889,2003,200.38485,-5.167,85.012,22,11
"240",0,1,4,7,148.225,1983,151.37914,-12.581,112.88,14,2
"241",0.461,1,4,7,128.496,0,128.49587,-4.625,185.409,8,14
"242",0.428,1,4,7,329.59,2000,340.50567,-13.807,96.311,0,15
"243",0,1,4,11,508.969,0,508.96934,-4.277,162.733,23,14
"244",0.421,1,4,9,191.402,1986,210.46812,-13.644,114.382,4,2
"245",0.177,1,5,2,341.769,2005,380.682,-7.736,110.255,2,14
"246",0.259,1,4,4,136.661,2006,145.55383,-5.603,201.123,17,10
"247",8.702,0,4,4,264.202,0,289.59302,-5.247,152,19,14
"248",0.142,1,3,11,412.758,2005,419.68281,-6.407,91.498,23,7
"249",2.554,1,5,0,216.874,0,244.74077,-12.121,84.826,1,15
"250",3.512,1,4,0,278.558,0,289.2273,-5.676,162.069,8,14
"251",0.427,0,3,4,476.7,2002,515.36934,-4.694,129.088,1,14
"252",0.142,0,5,9,277.885,1983,313.70404,-14.361,85.207,22,14
"253",0.177,1,4,9,262.844,1978,278.96118,-5.563,80.7,5,14
"254",3.454,1,4,7,306.556,2009,316.96934,-7.896,187.844,1,14
"255",0,1,5,6,266.437,1995,278.54322,-11.958,82.789,14,2
"256",0.286,1,4,7,142.646,1988,151.01342,-10.133,131.966,4,14
"257",0.16,1,7,0,386.984,1999,391.02649,-7.078,110.897,23,7
"258",0.247,1,4,7,238.782,1999,257.2273,-8.086,105.994,0,9
"259",0,0,4,5,230.284,2002,235.04934,-9.642,90.507,8,11
"260",0.085,1,3,0,178.033,1998,181.18485,-7.301,121.764,2,6
"261",0.148,1,3,10,245.232,0,254.35383,-6.367,168.36,14,1
"262",0,0,4,2,191.216,2007,203.91138,-3.237,140.878,17,14
"263",0.113,0,4,9,165.605,2009,176.43057,-2.741,140.111,12,14
"264",0.305,1,4,2,223.312,1999,231.73179,-6.378,110.071,8,14
"265",0.061,0,4,2,166.429,2007,175.80363,-5.911,93.061,23,14
"266",0,0,4,4,262.246,0,280.81587,-12.346,108.047,14,14
"267",0.241,0,1,2,297.001,1967,309.52444,-18.581,84.853,2,5
"268",0,1,4,0,72.464,1991,84.63628,-18.7,166.092,8,11
"269",0.322,1,4,2,258.305,2002,274.41587,-7.446,134.027,14,14
"270",0,1,1,9,166.487,2001,171.59791,-4.029,93.458,23,7
"271",2.734,0,4,6,293.245,1995,298.00444,-5.16,87.747,20,11
"272",0,1,4,10,326.06,1997,332.93016,-8.416,119.461,18,14
"273",2.258,1,4,1,74.449,1959,80.03873,-13.136,196.303,13,2
"274",0,1,3,10,274.408,0,283.66322,-7.589,125.994,16,14
"275",0.136,1,4,2,212.579,2007,220.70812,-3.868,253.357,8,14
"276",0.369,1,4,9,224.293,0,237.60934,-5.88,103.218,17,14
"277",0,0,4,4,172.303,0,172.30322,-6.485,123.976,7,14
"278",0.229,0,1,1,100.833,1999,104.93342,-5.625,60.017,21,11
"279",0,1,7,4,164.368,1984,169.53424,-5.914,163.748,6,12
"280",3.291,1,4,7,216.213,2001,222.92853,-5.057,118.056,2,15
"281",1.221,1,4,9,246.044,0,254.58893,-16.261,142.479,16,2
"282",0,1,4,1,387.634,1989,398.44526,-9.244,150.3,1,14
"283",0,1,1,2,127.477,2006,127.4771,-2.445,161.874,7,14
"284",0.258,1,4,0,76.788,1997,79.93424,-22.214,50.059,20,11
"285",0,0,4,6,225.303,2009,228.38812,-5.98,122.988,22,9
"286",0.286,1,1,8,144.782,1995,149.36771,-12.625,177.866,8,14
"287",0,1,4,9,207.569,2000,207.56853,-11.622,171.648,3,14
"288",0.318,1,4,5,208.718,1989,219.76771,-16.205,107.905,24,11
"289",0.334,0,4,10,218.25,2000,235.65016,-3.053,115.418,23,14
"290",0,1,3,4,210.686,2006,219.89832,-3.926,165.224,16,14
"291",0,0,5,9,313.934,1975,319.00689,-14.886,109.305,2,14
"292",2.961,1,4,5,269.886,1988,283.24526,-6.951,97.882,3,14
"293",2.038,1,4,2,151.005,2007,163.00363,-4.993,160.051,1,9
"294",0.195,1,3,7,169.14,2003,180.03546,-8.537,158.404,14,14
"295",0,1,4,4,261.149,0,265.58649,-8.723,93.001,1,5
"296",0.085,0,4,11,113.766,2005,119.7971,-5.535,161.909,4,14
"297",0,0,3,2,150.988,0,159.76444,-10.012,128.961,12,7
"298",0,1,4,1,237.583,0,237.58322,-2.664,94.819,3,11
"299",0,0,4,9,185.939,2003,185.93914,-6.738,210.691,8,14
"300",0.165,1,4,8,212.103,2001,231.54893,-9.781,103.046,12,14
"301",0.067,1,4,2,194.99,2008,200.35873,-4.793,98.784,23,14
"302",0.177,1,1,5,182.793,1996,189.3873,-16.111,164.641,21,1
"303",0.288,1,4,2,247.728,1992,257.25342,-4.925,93.156,8,9
"304",0,1,4,6,196.499,2005,204.5122,-11.38,95.098,6,11
"305",0.142,0,4,1,265.184,1994,283.89832,-7.275,90.199,14,13
"306",0,1,4,2,248.581,1991,251.14077,-10.086,102.829,24,11
"307",3.077,0,4,11,219.852,2007,225.27955,-6.205,127.006,20,14
"308",17.09,1,4,1,459.337,2006,459.33669,-7.57,115.37,23,14
"309",0.173,1,1,7,156.415,2003,168.82893,-6.538,125.875,4,14
"310",0.45,1,4,1,183.089,1975,192.57424,-7.98,110.28,14,9
"311",0.212,0,3,2,151.011,1992,163.13424,-9.429,85.82,19,14
"312",0.334,0,4,4,121.574,2001,125.67465,-9.089,124.916,14,2
"313",0.444,1,4,7,294.963,1996,315.08853,-9.29,153.768,22,14
"314",0,0,4,10,152.764,2006,161.51465,-5.095,78.971,24,11
"315",0.322,0,4,0,181.725,0,195.70893,-4.222,128.968,20,13
"316",2.014,0,4,10,229.883,2000,236.2771,-2.801,103.997,8,9
"317",0,0,4,4,323.512,0,327.6273,-4.283,175.007,23,14
"318",0.224,1,4,8,224.81,2002,245.02812,-4.675,190.102,20,14
"319",0.473,0,4,5,373.696,2009,397.60934,-7.038,131.955,8,11
"320",5.445,1,4,0,288.496,2008,300.01587,-5.663,198.016,1,7
"321",0.148,1,4,3,228.27,2005,241.65832,-9.635,131.761,12,13
"322",0.684,0,4,4,267.453,2005,273.00526,-6.728,117.844,8,13
"323",0,0,4,4,553.332,1990,573.67465,-17.629,119.712,12,8
"324",0,0,1,11,347.638,2004,352.49587,-5.827,105.05,23,7
"325",2.264,0,4,1,231.329,2004,249.05098,-15.775,95.576,14,3
"326",1.468,1,4,7,165.309,1994,176.5873,-15.608,79.151,16,1
"327",0.218,0,4,11,230.963,1978,247.95383,-17.664,119.389,17,14
"328",0,1,3,2,188.5,1996,197.53751,-4.347,80.375,8,14
"329",0.217,0,4,10,266.252,0,280.65914,-9.923,122.954,2,13
"330",0.125,1,4,0,230.023,2005,235.98975,-8.298,85.976,10,13
"331",0,0,4,4,242.155,2004,242.15465,-8.702,72.884,1,12
"332",0.218,1,4,3,249.255,2008,260.51873,-6.857,45.508,21,2
"333",0.078,1,1,2,259.297,2004,262.89587,-7.628,145.997,23,7
"334",0,1,4,5,294.702,1992,320.44363,-11.415,88.072,10,14
"335",0.345,1,4,4,141.038,1990,145.13587,-12.653,91.318,4,2
"336",0.305,0,4,0,145.131,0,154.74893,-9.059,177.945,21,2
"337",0.167,1,4,1,255.843,2003,255.84281,-7.532,121.871,20,11
"338",0,0,4,8,362.162,1994,366.39302,-6.788,177.662,20,11
"339",0.165,1,3,11,116.878,1994,121.73016,-12.744,151.73,21,2
"340",0.113,0,4,9,347.469,1999,366.28853,-13.018,131.948,8,9
"341",0,1,4,7,203.372,1997,213.13261,-5.382,91.922,12,14
"342",0,0,4,1,203.9,2005,215.82322,-4.176,164.002,12,14
"343",3.553,0,4,1,249.678,2005,252.65587,-7.825,151.699,6,14
"344",0,1,4,2,235.096,2002,237.66159,-4.651,151.284,16,1
"345",0.311,0,5,1,181.685,1956,184.76363,-11.242,126.31,0,15
"346",0.467,1,3,10,330.252,1997,341.68118,-7.422,112.063,1,7
"347",0,1,4,9,283.074,1960,286.82404,-6.615,134.741,14,1
"348",0,0,3,1,277.809,1990,285.3873,-10.181,169.866,7,14
"349",0.356,1,3,7,226.035,0,231.18322,-8.029,90.038,6,9
"350",0,0,4,9,233.111,1985,236.09424,-11.326,119.035,0,15
"351",2.664,0,4,1,267.738,0,294.73914,-10.647,101.303,8,14
"352",0.115,1,1,10,227.056,1986,229.8771,-9.406,125.676,8,14
"353",2.026,1,4,7,179.095,1994,179.09506,-5.15,105.498,2,14
"354",0.183,0,4,7,183.844,2009,192.44363,-4.43,147.904,5,2
"355",0.612,0,4,11,304.007,2004,312.08444,-8.775,119.562,18,3
"356",0.282,1,4,0,203.79,0,208.14322,-11.865,98.528,1,14
"357",0,1,4,1,264.069,2006,277.02812,-6.425,119.813,23,14
"358",1.465,1,4,9,201.288,1982,203.91138,-6.267,183.907,5,14
"359",0.136,1,4,1,202.182,2008,222.01424,-5.278,99.124,14,2
"360",10.083,1,1,4,150.245,2008,156.55138,-8.038,127.792,0,14
"361",0.223,1,4,10,224.386,2007,230.55628,-4.883,87.992,8,13
"362",0.369,0,4,2,197.825,1975,197.82485,-11.292,142.88,18,14
"363",0.45,1,5,1,178.498,0,188.94322,-5.322,125.528,13,14
"364",0.101,1,4,5,292.49,1996,304.71791,-7.269,227.161,14,14
"365",0.254,1,1,1,168.855,1989,168.85506,-9.515,197.213,12,12
"366",0.154,1,1,4,156.868,1989,163.26485,-12.778,114.135,7,14
"367",0,1,3,2,210.285,1986,210.28526,-10.223,128.262,4,14
"368",0,1,4,2,237.215,2003,246.85669,-4.544,145.711,12,14
"369",0.386,1,4,7,174.266,1964,183.17016,-11.553,185.333,10,14
"370",0,0,4,6,186.903,1994,197.25016,-12.472,134.237,0,9
"371",0.38,1,4,11,167.457,0,182.33424,-9.068,168.849,4,2
"372",0,1,3,6,274.466,1989,281.33832,-8.762,83.856,24,11
"373",0.322,0,4,0,263.216,1979,274.72934,-9.727,164.594,14,5
"374",0,1,4,1,119.983,2001,125.46567,-5.059,110.972,13,14
"375",0.759,0,4,2,243.246,1979,253.12608,-10.744,98.679,2,6
"376",2.241,0,7,7,220.555,2010,224.41751,-3.487,143.837,23,14
"377",0.908,1,1,7,314.63,1998,317.12608,-6.748,95.138,23,14
"378",0,0,4,0,237.587,1999,240.19546,-2.267,112.961,3,14
"379",0.392,1,4,4,196.603,1996,208.32608,-7.852,95.738,12,4
"380",3.373,1,4,4,201.932,2007,211.80036,-10.447,201.792,2,9
"381",0,1,3,2,237.65,2005,251.16689,-10.512,153.396,12,4
"382",0.131,1,1,2,199.094,2005,208.5873,-8.226,109.287,14,13
"383",2.56,0,4,6,126.229,1996,131.81342,-11.011,87.653,22,2
"384",0.189,1,4,9,212.474,1992,215.82322,-9.767,133.624,12,14
"385",3.907,1,4,9,255.28,1995,263.81016,-7.06,141.22,2,6
"386",1.007,1,1,1,162.737,0,171.2322,-3.326,181.747,5,11
"387",0.438,1,3,8,208.086,2006,214.88281,-4.504,109.45,12,14
"388",2.032,1,3,7,140.858,1995,148.40118,-9.38,91.637,8,2
"389",0,1,7,10,10.344,1993,10.34404,-32.742,61.878,9,9
"390",0.194,1,4,2,234.707,2005,241.37098,-5.199,156.523,5,14
"391",0.403,0,4,11,323.396,0,342.83057,-12.896,107.542,18,14
"392",2.554,1,4,1,179.008,2006,187.03628,-4.183,170.046,17,14
"393",0,1,1,0,130.444,1996,135.49669,-11.575,201.953,1,12
"394",0.603,1,4,0,246.718,0,260.75383,-7.329,121.147,13,14
"395",0,0,4,8,228.635,1986,235.41506,-11.761,116.195,14,3
"396",0.38,1,4,2,141.375,1996,154.85342,-3.865,122.125,20,14
"397",2.212,0,4,4,240.849,2003,255.65995,-12.924,85.949,0,9
"398",0,1,4,9,144.004,2008,147.48689,-5.072,120.697,8,12
"399",0.345,1,4,2,187.699,2003,200.33261,-4.522,141.741,8,14
"400",0.345,0,4,4,219.086,0,232.98567,-4.297,166.057,15,14
"401",0.218,1,3,4,148.898,2003,162.37669,-11.528,69.222,21,2
"402",2.351,0,4,6,284.648,2001,293.66812,-5.21,85.141,12,14
"403",1.1,1,4,10,212.886,0,221.88363,-9.612,118.096,8,2
"404",0,0,5,4,179.095,1992,179.09506,-5.439,110.791,8,10
"405",0.293,1,4,2,236.199,1993,250.8273,-14.748,122.428,10,14
"406",3.28,1,1,11,211.54,0,217.23383,-11.719,148.358,17,14
"407",0.144,0,3,7,170.04,2006,183.64036,-12.055,123.278,2,6
"408",3.053,1,4,1,194.508,2007,203.78077,-3.092,132.021,8,9
"409",0,1,4,7,241.29,1976,260.62322,-12.502,142.857,5,14
"410",0,0,7,9,324.493,2005,329.7171,-9.458,126.947,1,14
"411",3.419,1,4,9,268.945,2009,284.1073,-5.519,107.998,8,1
"412",2.595,1,4,6,187.428,0,187.42812,-8.821,88.878,24,11
"413",0.361,1,1,1,85.269,1980,88.89424,-7.545,156.605,17,10
"414",0.073,1,4,1,138.797,2004,141.13914,-4.526,144.955,7,14
"415",0.15,1,4,1,167.538,2009,174.75873,-3.373,156.924,23,7
"416",0.177,0,4,6,211.565,2001,211.56526,-1.81,104.796,7,13
"417",0.183,1,4,5,251.826,2007,261.17179,-6.182,92.186,8,14
"418",0.57,1,1,0,114.619,1962,124.52526,-18.57,163.942,8,2
"419",0.229,1,4,2,233.221,1988,245.10649,-9.623,131.04,10,14
"420",0.479,1,4,7,266.652,0,278.7522,-9.399,160.976,1,5
"421",0.171,0,4,7,269.108,2001,282.61832,-3.834,69.737,24,14
"422",0,1,4,0,185.835,1992,185.83465,-7.184,94.146,24,11
"423",0.157,1,4,9,247.797,1989,247.7971,-15.059,100.788,22,11
"424",3.582,0,3,6,338.274,1984,345.67791,-12.23,99.978,20,13
"425",0.206,0,4,6,491.119,2000,506.27873,-11.59,136.003,18,3
"426",0,1,4,7,134.995,2002,143.882,-5.983,166.03,12,7
"427",0,0,4,7,209.548,2009,221.6224,-5.176,118.956,8,14
"428",2.728,1,4,11,329.63,2001,335.17669,-9.322,111.016,15,9
"429",0,1,1,7,285.478,2005,295.07873,-7.272,137.806,16,9
"430",0,1,4,7,274.651,1999,274.65098,-4.203,173.983,16,14
"431",0,1,1,5,32.418,1999,32.41751,-14.434,118.237,14,13
"432",0,1,4,9,255.46,1991,263.94077,-17.855,140.696,0,9
"433",2.815,0,4,2,249.469,1999,249.46893,-5.547,100.341,4,3
"434",0.376,1,1,1,122.079,1994,129.48853,-11.504,146.275,2,14
"435",0.166,1,4,1,261.387,1996,274.57261,-7.722,120.047,8,9
"436",0,0,4,9,223.921,1988,223.92118,-7.457,126.16,14,1
"437",0.345,1,4,9,274.286,2005,279.71873,-5.071,147.998,21,14
"438",0,0,1,6,163.811,1998,175.25506,-2.255,110.134,5,10
"439",0,1,4,11,181.289,2007,181.28934,-4.186,105.393,20,11
"440",3.698,1,4,8,207.946,1987,225.4624,-12.585,128.171,8,9
"441",0,0,4,6,205.74,1993,216.65914,-12.274,102.176,24,11
"442",0,0,3,6,380.421,2003,380.42077,-3.183,158.34,8,14
"443",0,1,4,11,236.298,1994,245.7073,-8.127,101.044,24,11
"444",0,0,5,4,262.896,2008,262.89587,-4.656,113.361,12,9
"445",0.147,1,4,7,159.73,1980,173.92281,-20.055,41.945,1,14
"446",0.196,1,4,9,266.095,2002,269.81832,-11.136,150.567,14,11
"447",0,1,4,7,332.632,1992,351.34649,-12.492,101.849,15,11
"448",2.415,1,4,4,212.822,2007,220.36853,-4.58,120.008,14,9
"449",0.659,1,4,4,182.596,0,197.11955,-8.736,101.967,18,9
"450",0,0,1,7,224.862,2003,224.86159,-5.559,97.073,23,7
"451",0.247,1,3,1,158.163,1998,166.24281,-10.915,139.981,18,2
"452",0.061,0,3,9,179.682,2004,193.43628,-5.325,184.023,8,14
"453",0.128,1,4,3,233.929,2004,262.89587,-16.764,108.504,2,4
"454",0.32,1,3,2,373.441,1992,380.86485,-19.164,116.805,1,14
"455",0.23,1,1,8,204.376,1991,217.93914,-14.241,101.799,6,12
"456",0,0,4,3,214.639,2009,218.46159,-3.936,145.1,19,9
"457",0,1,4,4,237.946,2003,240.40444,-4.008,191.144,20,14
"458",0.322,1,7,7,149.537,2001,161.85424,-4.665,130.862,11,3
"459",0,1,4,6,253.376,2007,287.50322,-6.748,85.964,11,11
"460",0,1,1,10,191.269,2007,201.79546,-28.197,106.798,5,1
"461",0.328,1,4,3,152.685,2000,152.68526,-4.048,162.727,14,10
"462",0.119,0,4,7,205.247,0,210.85995,-6.676,112.795,13,14
"463",0,1,4,10,91.696,2004,103.52281,-7.403,107.002,14,14
"464",0.202,1,3,0,239.409,1993,246.93506,-11.253,115.938,23,14
"465",0.073,1,4,2,131.628,1966,138.70975,-10.222,181.41,8,14
"466",0,1,4,7,192.575,2008,197.25016,-5.071,77.399,23,7
"467",0,1,4,9,174.022,2004,182.282,-4.8,150.276,5,14
"468",2.432,1,4,2,215.522,0,224.91383,-7.055,165.754,8,12
"469",3.448,0,4,6,180.297,2007,184.24118,-3.337,160.126,8,14
"470",0,0,4,10,293.03,2009,305.55383,-6.628,116.795,18,3
"471",0,1,4,2,480.885,2009,488.41098,-5.461,124.037,15,7
"472",0.206,0,4,2,227.817,2004,232.64608,-7.111,145.858,8,14
"473",0.195,1,1,2,129.968,1981,133.27628,-9.742,83.953,23,10
"474",0.363,0,1,7,160.073,1989,181.39383,-11.199,122.838,21,11
"475",0.085,0,4,2,274.321,2000,283.19302,-8.342,97.147,1,14
"476",0,1,4,0,275.121,1998,275.12118,-7.852,130.002,14,3
"477",0.256,1,4,2,194.096,2003,210.33751,-5.849,96.071,5,2
"478",0.09,1,4,4,271.139,1989,292.85832,-7.866,164.171,8,7
"479",0.073,1,3,10,215.708,2005,234.73587,-10.807,106.525,23,14
"480",0.136,0,1,1,242.231,1996,250.69669,-10.504,104.494,24,14
"481",0.305,0,4,6,241.458,2004,251.03628,-5.403,119.346,9,14
"482",0,0,5,6,401.125,1998,409.99138,-7.936,87.054,2,6
"483",0.258,1,4,9,288.897,1980,308.50567,-5.49,120.223,21,10
"484",0.125,1,5,1,225.605,2002,229.40689,-5.117,118.817,23,14
"485",0,1,4,10,272.225,1987,283.61098,-11.691,116.673,11,15
"486",0,0,4,11,162.093,2007,171.93751,-3.324,119.406,9,14
"487",0,1,1,2,240.457,0,240.45669,-8.471,91.413,21,14
"488",0.348,1,3,7,203.552,0,210.96444,-13.765,101.421,8,13
"489",0,1,4,8,204.841,2007,210.85995,-3.362,168.979,14,12
"490",0.136,0,4,0,337.711,2009,377.75628,-6.317,71.758,23,14
"491",0.178,1,4,0,219.208,1993,227.082,-10.252,129.542,14,13
"492",2.902,1,4,7,221.855,1998,230.05995,-7.837,91.973,10,14
"493",0.165,0,4,11,190.758,1999,195.83955,-12.359,142.869,2,6
"494",3.024,1,4,7,216.973,1980,233.45587,-13.425,108.565,16,14
"495",0.288,1,4,7,175.502,0,193.54077,-10.691,143.804,8,2
"496",0.311,0,4,2,271.813,2003,277.81179,-8.704,93.001,10,3
"497",0.287,1,4,0,236.443,1992,250.33098,-9.352,132.335,12,2
"498",0,1,4,7,150.419,2002,167.44444,-2.885,189.995,21,10
"499",6.316,1,4,8,339.22,2009,341.2371,-2.735,129.829,23,7
"500",0.235,0,4,9,166.481,2004,170.50077,-9.122,138.935,11,3
"501",0,0,5,1,207.986,1999,207.98649,-7.804,103.596,20,11
"502",0.316,0,4,2,283.655,1980,299.78077,-11.514,141.674,9,14
"503",0.163,1,5,7,176.93,2002,188.18567,-10.096,105.361,21,14
"504",0.218,1,3,3,13.583,1999,13.58322,-24.997,120.765,8,11
"505",0.078,0,4,11,226.151,2007,236.35546,-5.628,102.99,4,14
"506",0.131,1,4,2,233.674,2006,238.05342,-3.492,91.873,1,14
"507",2.119,1,1,2,155.318,1990,157.6224,-9.609,126.689,22,14
"508",0,1,4,7,254.938,0,263.36608,-6.578,193.14,8,14
"509",0.136,1,1,5,146.228,1970,149.96853,-2.969,173.34,21,14
"510",0,0,4,11,203.79,2009,210.59873,-4.289,84.99,12,14
"511",0.461,0,4,9,272.692,2003,272.69179,-5.028,121.949,23,7
"512",0.2,1,4,9,150.419,2005,165.61587,-5.094,134.289,16,14
"513",2.322,1,4,4,249.446,2004,263.49669,-8.163,141.171,3,2
"514",0.117,1,4,5,342.152,2006,351.84281,-12.749,109.74,14,2
"515",8.208,1,4,2,260.151,1986,268.40771,-2.339,145.882,23,7
"516",5.492,0,4,10,216.99,2004,228.85832,-6.642,130.006,1,3
"517",0.194,1,4,11,146.727,2007,158.51057,-6.172,124.409,16,14
"518",0,1,1,7,282.61,1977,294.24281,-8.782,137.865,4,2
"519",0.16,0,4,7,167.155,0,175.72526,-6.612,117.532,8,2
"520",0.193,0,4,5,299.259,1982,316.39465,-11.763,121.044,8,14
"521",2.572,1,4,2,155.429,1985,159.65995,-5.612,150.871,10,10
"522",0.228,1,4,8,112.205,2008,119.7971,-5.261,150.006,8,14
"523",0,1,4,7,303.531,1998,311.30077,-6.791,94.904,21,11
"524",0,1,3,3,208.922,2007,213.13261,-14.254,100.567,21,11
"525",0.073,1,4,0,203.395,2004,206.94159,-3.568,112.77,4,7
"526",0.206,1,1,2,223.893,2004,232.48934,-11.199,85.006,14,14
"527",0.444,1,4,2,247.188,1995,252.83873,-6.575,87.495,8,14
"528",0,1,4,2,202.739,2005,213.34159,-5.972,189.068,1,14
"529",0.121,0,3,6,264.104,2008,269.63546,-8.425,151.945,8,9
"530",0,1,4,2,276.457,1998,289.25342,-6.407,156.688,20,11
"531",0.345,1,3,5,178.875,1953,183.06567,-13.164,96.731,14,1
"532",0.078,1,4,5,248.842,1999,264.64608,-7.101,93.976,20,11
"533",0.571,0,4,11,203.976,2008,217.28608,-4.35,94.007,8,2
"534",2.287,1,5,5,233.117,1988,247.11791,-8.016,130.272,0,9
"535",0,0,5,11,224.438,2005,233.92608,-4.148,99.742,20,11
"536",0,0,4,6,245.476,1997,258.19383,-6.062,90.902,21,11
"537",0.242,1,1,9,85.931,2001,88.73751,-4.404,134.492,12,10
"538",0.142,1,1,0,248.053,1994,251.76771,-6.131,138.408,4,5
"539",0.165,1,3,11,167.706,2000,175.01995,-11.727,158.763,1,2
"540",0.259,0,4,11,252.395,2008,264.82893,-6.892,142.449,12,14
"541",0.155,1,4,2,233.523,2004,242.65098,-7.811,95.465,8,9
"542",0.092,1,1,9,217.536,1983,219.76771,-24.308,92.938,17,14
"543",0.386,1,4,1,113.505,1996,118.9873,-10.817,95.381,20,11
"544",0,1,4,10,186.59,0,191.73832,-11.761,95.572,15,9
"545",2.728,0,4,8,232.885,2006,245.10649,-4.654,189.917,12,14
"546",0,1,4,1,109.389,2003,115.53914,-3.116,189.134,23,10
"547",0,0,4,6,343.133,2004,360.75057,-3.134,105.54,13,7
"548",0.699,1,4,4,203.14,1994,211.35628,-4.659,161.994,18,14
"549",0.984,1,7,7,208.672,2008,219.24526,-11.451,96.047,16,3
"550",0.27,1,4,7,206.396,1988,216.39791,-10.81,133.319,8,14
"551",0,1,4,6,450.694,0,479.45098,-10.258,86.155,12,14
"552",2.583,0,4,2,371.032,2008,389.95546,-4.757,85.061,1,7
"553",0.223,0,4,10,221.414,2001,236.53832,-5.832,130,1,14
"554",0.371,1,4,6,175.955,1995,184.39791,-16.358,88.794,14,14
"555",0.369,1,1,4,99.84,1987,109.71383,-12.808,108.974,4,2
"556",0,1,7,6,244.453,2005,244.45342,-12.518,74.078,11,13
"557",0,1,7,7,192.737,2002,196.93669,-10.187,120.083,17,13
"558",0,1,4,4,192.13,1981,192.13016,-7.167,162.907,17,14
"559",0,1,3,8,208.44,2005,212.11383,-4.829,89.89,12,14
"560",0.362,0,4,5,237.111,0,242.07628,-7.097,146.313,9,12
"561",4.661,1,4,7,172.089,2006,182.80444,-6.825,111.266,11,1
"562",2.682,1,4,5,244.535,2001,247.77098,-3.756,132.731,9,9
"563",0,1,4,7,184.726,2000,195.00363,-11.41,66.49,2,6
"564",0.136,1,5,4,318.996,2006,328.72444,-5.711,113.471,16,14
"565",0,1,4,6,185.234,1988,185.23383,-4.92,124.993,22,11
"566",2.113,1,3,8,208.155,0,213.41995,-6.04,88.772,2,6
"567",3.338,1,4,5,293.645,2005,313.10322,-12.584,110.742,8,14
"568",0.462,0,4,11,239.009,1988,259.60444,-14.109,124.67,18,14
"569",0.191,0,4,11,300.391,1982,311.19628,-9.507,88.73,23,14
"570",0.316,0,3,9,51.304,2002,56.13669,-15.339,112.991,20,11
"571",0.607,1,1,2,187.548,1999,201.16853,-7.279,153.447,22,2
"572",0,0,4,0,224.096,0,234.1873,-4.619,151.956,18,14
"573",0.38,1,3,0,203.378,0,207.93424,-5.628,87.029,21,2
"574",0.241,1,4,8,249.498,0,262.50404,-6.808,120.196,8,14
"575",0,1,4,0,296.124,1976,296.12363,-9.045,130.049,21,14
"576",0.328,0,4,7,198.583,1994,220.31628,-10.291,144.447,8,14
"577",0.21,0,4,9,227.997,1990,235.31057,-8.025,151.211,15,9
"578",0.183,1,4,2,251.606,2002,270.47138,-2.512,157.739,12,14
"579",0.235,0,5,9,255.286,1995,264.88118,-5.225,87.643,1,7
"580",0.177,1,1,11,155.905,1961,168.95955,-5.176,91.01,21,2
"581",0,0,4,5,253.608,2000,260.04853,-8.209,132.131,9,14
"582",4.133,1,3,5,294.272,0,301.13914,-13.651,167.489,12,14
"583",0,1,1,0,146.187,1983,160.62649,-15.6,136.273,13,1
"584",2.119,0,3,7,311.693,1969,315.92444,-10.381,103.377,9,1
"585",0.148,0,4,0,180.849,2005,192.10404,-11.551,99.985,18,9
"586",2.188,1,4,10,254.729,1984,263.6273,-15.182,137.486,2,6
"587",0,1,4,8,200.911,2007,208.56118,-5.05,210.032,23,14
"588",30.575,1,3,5,247.403,1999,257.85424,-3.115,151.401,16,10
"589",0,1,4,2,298.446,0,303.22893,-6.272,85.03,21,3
"590",0.271,1,1,9,269.276,1971,279.84934,-8.026,182.085,18,14
"591",0.17,1,4,4,310.34,1999,313.75628,-5.646,145.109,23,14
"592",0,1,4,1,272.033,0,280.89424,-6.305,168.099,8,14
"593",0,1,1,9,49.911,2003,52.11383,-4.271,80.992,12,14
"594",0.096,0,4,11,205.139,2006,205.13914,-3.094,126.892,15,11
"595",0,1,4,0,272.167,1997,280.97261,-4.167,131.191,23,7
"596",0.101,1,4,10,183.275,0,183.27465,-3.177,163.604,8,14
"597",0.148,1,4,1,215.04,1996,226.92526,-9.67,165.038,8,14
"598",4.505,1,4,8,257.747,2001,260.93669,-6.121,122.761,8,14
"599",0,1,4,1,213.603,2005,213.60281,-10.606,130.298,20,11
"600",0,0,3,9,261.637,2004,277.89016,-7.319,125.05,4,14
"601",0.325,1,3,2,265.903,1996,277.39383,-14.15,109.889,8,4
"602",0.253,1,4,0,205.798,1998,214.12526,-10.65,139.95,2,9
"603",0,1,4,2,303.659,1999,321.48853,-4.146,156.261,23,7
"604",0.218,1,4,5,190.902,2006,190.9024,-4.531,91.145,22,14
"605",3.257,1,4,0,311.136,1995,316.76036,-8.724,145.99,12,9
"606",0,1,4,9,276.764,2003,280.00608,-5.342,117.574,12,14
"607",2.206,1,4,9,156.415,1974,162.29832,-10.06,170.995,14,2
"608",0.177,1,4,0,204.074,0,211.12118,-5.646,126.725,8,14
"609",2.241,1,1,2,218.552,1999,227.39546,-8.811,121.832,0,14
"610",0.086,1,5,2,116.686,1982,130.63791,-13.143,87.657,23,10
"611",0.409,1,4,0,219.208,1998,229.0673,-6.947,101.43,2,6
"612",0,0,4,6,163.813,2002,163.81342,-4.563,227.25,12,7
"613",0,1,4,2,293.21,0,315.16689,-13.097,100.075,14,14
"614",4.812,1,4,11,265.346,1996,274.78159,-9.061,96.02,19,14
"615",0,1,1,9,187.663,2001,187.66322,-5.794,155.411,23,14
"616",2.107,1,4,2,124.72,2005,128.41751,-7.766,154.873,18,14
"617",0,0,4,9,124.395,1999,124.39465,-4.861,97.546,2,14
"618",4.307,1,3,5,150.013,1969,152.76363,-9.774,126.968,0,9
"619",0.183,1,4,8,196.737,2004,210.07628,-5.061,141.63,16,14
"620",0.083,1,4,0,272.341,1989,290.11546,-12.798,167.772,1,4
"621",1.232,1,1,2,192.18,1997,204.93016,-6.971,92.957,17,10
"622",0,0,3,2,361.247,1994,361.24689,-8.294,167.504,8,7
"623",0.154,1,4,0,162.36,1976,175.20281,-12.551,119.053,8,2
"624",0.413,0,4,6,289.808,2010,292.91057,-9.11,89.949,23,1
"625",3.855,1,4,5,174.225,0,188.89098,-6.969,131.953,5,13
"626",0,0,4,1,223.086,0,229.69424,-6.525,157.103,7,9
"627",0.183,1,4,4,245.499,1997,261.35465,-6.653,168.242,8,12
"628",0,0,5,1,226.975,2001,231.60118,-10.067,106.961,20,11
"629",0.264,0,4,8,216.549,1999,226.37669,-15.448,69.347,10,1
"630",2.119,1,1,1,52.547,0,57.44281,-21.488,92.502,18,14
"631",0,0,4,3,176.721,2006,181.57669,-3.696,209.141,12,14
"632",0.281,1,7,7,279.998,0,293.27628,-8.756,89.92,0,15
"633",2.339,0,4,9,478.215,1999,486.97424,-7.655,86.308,8,14
"634",1.071,0,4,10,211.348,1999,230.05995,-4.134,150.226,12,14
"635",0.27,1,5,3,464.242,2002,472.39791,-6.736,121.518,16,14
"636",0.38,1,7,7,215.203,2005,231.18322,-4.547,151.488,15,11
"637",0,1,4,9,242.985,2007,247.24853,-5.603,169.994,8,9
"638",0,1,1,7,243.635,2009,250.8273,-4.535,99.995,3,14
"639",0,1,7,2,227.915,2009,241.162,-5.056,174.424,23,14
"640",0,1,4,1,263.053,0,263.05261,-6.502,129.997,4,9
"641",0,1,4,7,341.188,1993,356.25751,-11.893,94.557,14,1
"642",0.196,1,4,11,83.069,1997,85.9424,-5.542,212.293,23,14
"643",0.078,1,1,9,225.216,0,241.08363,-8.021,99.761,14,14
"644",0.107,0,4,5,136.615,1981,154.93179,-15.433,100.042,8,9
"645",0.45,1,4,5,183.664,1973,199.96689,-20.172,110.1,1,14
"646",0.067,1,4,1,271.157,1985,281.05098,-9.882,121.616,8,1
"647",0.103,0,4,4,231.253,2009,240.79628,-5.353,136.147,3,14
"648",0,1,3,5,300.141,1975,316.81261,-12.936,90.689,13,14
"649",0,0,4,11,276.376,1989,288.02567,-5.729,146.29,8,14
"650",3.785,1,4,8,340.776,0,355.5522,-7.894,146.022,10,14
"651",0.188,1,4,11,81.995,1982,89.23383,-8.867,203.29,21,10
"652",0.316,1,4,1,147.435,1977,150.59546,-8.812,159.849,11,14
"653",0.258,0,4,7,213.821,0,232.64608,-6.349,142.409,14,2
"654",0.072,1,4,9,249.574,2002,264.41098,-5.011,142.069,16,14
"655",0,1,3,2,136.678,1959,140.38159,-13.338,117.867,14,2
"656",0.531,1,4,2,231.758,1998,231.75791,-7.174,123.861,2,6
"657",0,0,4,4,373.847,2006,384.67873,-14.199,169.038,21,14
"658",0.066,1,5,7,217.757,0,221.09995,-5.781,102.581,8,12
"659",0,1,4,0,235.258,1998,235.25832,-9.407,117.946,18,14
"660",0,0,4,4,85.664,2007,92.76036,-6.769,163.086,13,7
"661",0,1,5,1,461.41,2009,465.47546,-6.278,131.999,3,9
"662",0.321,0,4,7,184.866,1997,190.06649,-14.023,129.584,9,1
"663",0.328,1,4,1,303.827,1986,311.27465,-4.857,139.95,17,14
"664",0.165,1,3,9,282.517,2005,286.58893,-4.627,97.265,20,7
"665",0.113,0,4,0,280.88,2004,283.48036,-4.076,84.992,5,7
"666",3.245,1,4,4,200.969,2000,208.95302,-6.052,105.095,12,14
"667",0.14,1,4,1,267.952,2006,274.85995,-6.696,177.942,13,11
"668",0,0,4,9,284.729,1968,291.29098,-12.065,115.514,8,14
"669",0,1,1,8,166.934,2002,169.63873,-5.176,114.179,12,14
"670",0,1,1,4,248.9,1975,257.61914,-13.776,136.842,21,14
"671",0.218,1,4,9,110.748,1966,121.73016,-7.124,116.664,23,14
"672",0.229,1,4,2,274.872,2001,285.46567,-5.067,108.039,12,7
"673",0,1,1,8,446.74,1989,449.74975,-8.239,146.77,9,1
"674",0.096,0,4,10,155.597,2009,171.59791,-5.829,152.273,12,10
"675",5.822,1,4,11,185.4,0,197.09342,-6.45,89.966,20,13
"676",0,0,3,9,199.082,1994,212.16608,-10.562,141.165,8,14
"677",0.197,1,4,7,226.783,2009,240.22159,-9.736,119.959,12,13
"678",4.081,0,3,11,228.299,1999,240.01261,-8.325,126.8,0,3
"679",0.27,1,7,2,142.362,2009,151.58812,-10.338,94.921,8,13
"680",0.107,1,4,7,199.843,0,207.12444,-10.006,86.535,19,12
"681",0,0,4,4,203.413,2006,212.89751,-5.038,151.949,13,14
"682",0,0,4,2,201.607,2006,205.06077,-2.912,119.501,14,14
"683",0,1,4,9,245.557,2006,251.66322,-4.576,125.987,2,14
"684",0.599,1,4,0,83.121,2006,83.12118,-1.674,168.231,2,10
"685",1.035,0,1,11,298.806,1992,307.61751,-8.252,146.581,3,12
"686",2.397,1,4,4,212.294,0,222.79791,-15.646,106.895,12,14
"687",0.874,1,4,2,226.853,2001,246.20363,-4.821,99.831,8,9
"688",0.195,1,4,7,221.246,2006,236.45995,-6.288,98.937,12,9
"689",0.243,1,5,0,266.739,2006,276.68853,-5.098,84.595,8,14
"690",0.633,0,4,10,220.786,2004,220.78649,-7.209,109.23,2,6
"691",0,1,4,0,278.251,2008,283.16689,-13.852,140.666,12,14
"692",0.345,0,4,11,275.156,2005,285.04771,-5.367,122.94,1,14
"693",0.16,1,4,2,234.365,2000,249.62567,-4.673,152.999,14,14
"694",0.403,0,4,10,129.387,1998,134.05995,-6.376,124.794,22,4
"695",0.351,1,1,9,200.371,1992,211.33016,-9.944,205.559,21,14
"696",0,1,4,7,109.009,1999,109.00853,-3.904,196.327,14,10
"697",0.705,1,4,2,231.253,1992,234.60526,-8.339,69.965,12,14
"698",0.215,1,4,4,211.325,2010,214.72608,-4.38,92.105,8,9
"699",0.311,1,4,1,522.466,2005,527.98649,-8.361,134.02,22,14
"700",0.334,1,1,4,58.903,1980,63.52934,-8.562,162.384,3,10
"701",0,0,4,1,301.97,2008,312.842,-5.968,130.35,12,14
"702",0,1,1,2,148.468,2006,153.25995,-2.648,143.224,3,14
"703",0.264,0,7,4,257.55,2008,272.14322,-13.959,124.981,21,14
"704",0.398,1,4,4,183.298,1970,188.02893,-12.169,98.824,22,2
"705",0,0,3,11,531.429,1995,540.42077,-6.676,183.662,17,14
"706",0,1,1,11,149.966,1987,156.682,-13.229,129.282,14,14
"707",0,1,4,8,218.674,2009,228.44036,-10.571,122.852,12,14
"708",0,0,0,2,749.639,2009,759.09179,-7.192,0,23,14
"709",0.334,1,4,8,245.104,2007,255.76444,-9.81,142.196,1,9
"710",0.276,1,3,9,202.211,0,222.53669,-11.284,135.776,13,14
"711",0,0,4,8,205.061,1997,205.06077,-6.203,91.699,2,6
"712",0.2,1,4,2,251.669,1999,255.39873,-5.635,152.001,2,9
"713",0,1,4,3,179.989,2009,187.24526,-8.295,132.61,8,9
"714",0,1,3,0,118.457,1989,125.1522,-12.818,126.714,8,2
"715",0,1,4,9,203.198,1968,214.96118,-10.736,170.897,21,2
"716",0,1,4,7,317.748,2004,322.55955,-4.516,150.05,8,7
"717",4.667,1,4,9,172.455,1980,181.15873,-14.343,100.422,22,14
"718",3.785,1,4,6,215.348,2003,225.61914,-8.843,125.986,1,14
"719",0,0,4,11,171.021,2007,181.13261,-6.391,102.066,7,14
"720",1.199,1,4,5,244.976,2001,263.20934,-8.147,83.49,20,13
"721",0,1,4,6,266.217,2002,270.62812,-17.864,165.76,18,2
"722",0.548,0,4,2,223.359,0,235.04934,-10.562,117.507,14,4
"723",0,1,4,7,187.548,0,190.69342,-6.371,89.689,0,9
"724",0.241,1,4,9,142.211,0,146.88608,-12.495,93.618,14,2
"725",0.827,0,3,4,294.522,2006,306.18077,-4.118,87.785,5,14
"726",0.142,0,4,10,229.535,2005,242.33751,-5.808,119.981,8,10
"727",0.461,1,1,8,204.98,1973,217.96526,-8.486,100.648,16,9
"728",0.148,0,4,5,142.089,2006,151.82322,-4.031,157.751,11,14
"729",0,0,4,5,382.154,2001,395.83302,-5.538,134.115,8,14
"730",2.775,0,4,9,230.197,0,245.34159,-9.044,104,2,6
"731",3.698,1,4,0,221.373,2005,246.09914,-9.695,119.06,14,2
"732",0.299,1,4,1,198.153,2008,200.25424,-4.825,140.119,20,11
"733",0.06,0,4,8,263.413,2010,281.23383,-6.991,120.085,23,14
"734",0.096,1,4,8,206.692,2004,212.71465,-4.336,109.984,10,9
"735",0.154,0,4,6,202.838,1981,205.50485,-16.619,94.48,8,14
"736",0.383,1,4,2,191.826,1996,209.08363,-7.56,116.625,4,2
"737",0.525,1,4,0,315.588,1988,322.97751,-13.865,139.015,14,14
"738",0,1,4,9,234.371,2005,249.28608,-10.414,139.999,8,14
"739",0,1,1,3,1.044,2005,1.04444,-23.555,0,8,9
"740",2.577,0,4,4,193.44,2007,205.45261,-6.692,143.864,17,9
"741",2.937,1,4,0,391.488,2006,399.82975,-7.715,140.077,17,14
"742",0,1,4,6,238.748,2003,246.33424,-5.268,96.708,21,11
"743",0,1,4,9,249.667,2009,252.21179,-3.708,164.963,23,14
"744",0.898,1,4,0,189.068,1984,191.99955,-11.516,183.709,5,14
"745",0,1,4,2,273.862,2007,278.93506,-5.73,180.06,13,7
"746",1.309,1,4,11,181.737,1995,186.40934,-12.967,52.932,9,1
"747",0.382,1,4,2,267.384,1992,283.03628,-7.535,94.543,10,1
"748",0.102,0,4,4,153.652,1978,159.89506,-11.704,88.841,21,14
"749",0,1,4,3,286.418,2006,292.41424,-5.377,110.044,23,14
"750",0.226,1,4,10,212.434,0,220.52526,-8.365,122.348,8,14
"751",2.659,0,1,11,281.49,1993,289.09669,-4.62,125.159,1,14
"752",0,1,5,10,157.907,2005,160.96608,-8.317,84.141,20,14
"753",0,1,5,1,246.77,2000,256.62649,-9.071,137.765,9,4
"754",0,0,4,8,198.978,1988,208.32608,-8.078,115.692,24,11
"755",0.189,0,3,7,32.316,2002,35.65669,-18.161,82.568,0,14
"756",0.136,1,1,0,202.664,2008,207.82975,-6.399,216.023,2,6
"757",0,1,4,9,155.788,2005,159.89506,-5.111,200.877,8,10
"758",0.287,1,4,2,287.631,1998,296.30649,-6.98,103.863,14,2
"759",0.212,1,4,7,245.232,2005,253.83138,-6.083,93.044,17,14
"760",0.363,1,3,8,154.285,1965,161.48853,-13.797,79.181,18,2
"761",0,1,4,2,207.975,1995,215.40526,-5.66,169.966,21,3
"762",0,1,4,0,344.393,2004,349.04771,-6.615,136.967,12,3
"763",1.164,0,4,10,170.916,1997,181.21098,-5.128,111.153,21,10
"764",2.792,1,4,1,219.806,1986,236.61669,-4.21,111.122,14,9
"765",0.328,1,4,8,355.051,2006,357.45914,-5.492,200.036,1,14
"766",0.165,1,4,5,246.399,2003,259.05587,-4.73,104.123,11,11
"767",0.102,0,1,8,264.98,2008,270.21016,-5.958,229.864,23,7
"768",0.107,0,4,4,212.683,2002,217.93914,-4.384,92.608,23,7
"769",0.113,0,1,10,295.683,2008,299.80689,-6.247,178.804,23,10
"770",0.062,1,5,1,201.3,0,207.56853,-6.336,138.385,19,14
"771",0.136,0,4,11,212.759,2006,233.22077,-4.741,154.998,8,3
"772",0.079,1,4,9,249.812,1990,262.29506,-9.759,142.372,9,1
"773",2.09,1,3,8,420.705,1995,432.97914,-7.984,91.775,8,14
"774",0.136,1,4,2,219.347,2007,229.8771,-3.662,87.712,8,2
"775",0.148,0,4,4,162.975,1972,182.7522,-8.962,207.544,14,9
"776",0.921,1,4,10,123.135,1964,136.01914,-13.53,65.771,14,14
"777",0,0,4,0,232.391,1990,236.5122,-9.308,111.755,22,13
"778",0.162,0,4,6,249.382,1992,257.54077,-5.775,144.974,12,14
"779",0.223,1,4,11,147.998,2007,150.15138,-3.778,91.357,23,14
"780",0.282,0,4,2,310.34,1998,313.36444,-3.944,88.336,1,7
"781",0.316,1,4,11,161.321,1995,166.66077,-17.053,112.625,21,1
"782",0.102,0,4,8,164.281,1998,166.86975,-9.309,94.971,21,11
"783",0,1,1,6,197.903,1971,197.90322,-5.431,119.744,9,14
"784",0.206,1,4,2,201.822,1999,205.40036,-4.129,104.036,2,9
"785",0,0,4,8,219.858,1994,225.41016,-9.531,130.677,1,7
"786",0.351,1,4,5,112.878,1968,119.90159,-14.09,111.12,16,2
"787",0.462,1,4,0,135.372,1967,146.02404,-15.911,144.538,8,2
"788",0,1,4,2,223.059,2003,223.05914,-7.383,93.011,2,14
"789",0.195,1,4,2,226.075,0,232.48934,-4.286,110.016,2,6
"790",0.218,1,1,7,196.4,1994,198.76526,-8.234,104.101,21,14
"791",0.45,1,1,8,283.562,1991,291.97016,-25.342,64.011,8,9
"792",2.392,1,4,4,222.61,0,229.32853,-7.973,99.984,2,6
"793",0.241,1,4,9,180.599,2007,185.99138,-9.168,146.053,22,14
"794",0.177,1,4,7,150.117,2000,155.402,-22.377,87.038,18,2
"795",0.218,0,3,0,453.486,1975,469.60281,-13.615,86.992,18,14
"796",0.195,1,4,4,191.652,2008,207.09832,-4.66,154.354,8,2
"797",0,0,4,8,82.03,0,91.34975,-11.867,95.502,13,14
"798",0,0,4,0,185.469,2008,188.65587,-4.706,150.077,8,14
"799",0.467,1,5,1,113.615,1993,126.64118,-9.423,122.47,8,14
"800",0,0,4,6,158.662,1991,166.32118,-5.13,81.419,21,14
"801",0,0,4,1,255.565,2001,286.53669,-6.292,98.513,12,14
"802",0.322,1,4,3,307.891,2004,314.20036,-5.567,142.141,16,14
"803",0.189,0,4,11,153.884,2000,163.91791,-6.028,119.2,8,3
"804",1.386,1,4,5,300.362,1988,314.27873,-4.82,70.876,14,14
"805",0.165,0,1,0,383.303,2003,401.8673,-7.916,86.505,16,14
"806",0.665,1,4,10,265.561,1986,269.29587,-5.074,130.461,16,14
"807",0.45,1,5,7,212.805,1996,225.43628,-7.372,84.373,18,14
"808",0,1,4,3,180.227,1984,188.99546,-10.44,111.459,14,9
"809",0.161,0,4,9,258.276,2005,270.05342,-9.364,118.144,23,12
"810",0.212,1,4,1,228.328,2001,234.16118,-6.135,96.007,20,11
"811",0,0,4,1,299.009,2006,313.3122,-5.437,113.746,8,7
"812",2.664,1,4,11,505.655,1997,512.78322,-8.575,95.002,8,9
"813",0.223,1,4,10,251.304,2002,268.69506,-8.053,94.916,12,14
"814",5.103,0,4,8,345.53,2000,360.95955,-7.072,141.78,12,14
"815",0,0,4,1,203.726,2007,209.84118,-12.466,98.401,20,11
"816",0,0,4,5,216.352,0,219.21914,-4.963,105.98,11,13
"817",0.478,0,4,3,197.004,1987,201.74322,-12.083,123.788,22,14
"818",2.415,0,4,1,259.373,1992,286.69342,-10.235,101.779,21,11
"819",0,1,4,7,250.404,2010,252.81261,-4.194,100.138,23,14
"820",5.904,1,4,8,355.619,0,364.38159,-7.759,87.337,10,14
"821",0,1,4,0,287.626,2004,296.04526,-5.233,136.129,6,14
"822",0.305,1,4,9,226.377,1981,240.3522,-6.681,189.735,4,14
"823",0,1,7,3,449.591,1993,460.56444,-10.351,79.952,23,7
"824",0.2,0,4,9,70.798,2005,76.82567,-8.892,122.887,7,9
"825",0.316,1,4,0,179.322,1996,192.62649,-6.782,165.763,21,2
"826",0.183,1,4,1,149.687,2004,160.46975,-4.948,194.107,8,14
"827",2.995,0,4,1,191.64,2002,195.73506,-4.939,90.545,2,6
"828",0.326,1,4,9,215.197,1999,223.00689,-3.807,113.846,14,2
"829",3.825,0,4,6,245.429,2005,254.27546,-3.828,125.062,12,14
"830",0,1,4,8,209.473,1999,212.61016,-16.611,209.056,9,13
"831",0,0,4,6,235.595,2006,252.18567,-6.623,124.094,21,14
"832",0,1,4,7,172.542,2005,175.96036,-1.983,140.618,4,14
"833",0.479,1,4,5,131.866,1988,137.19465,-11.737,119.441,12,9
"834",0,1,4,5,175.334,2005,182.282,-11.281,104.131,18,9
"835",2.212,1,4,0,315.751,1989,331.36281,-30.285,87.94,21,14
"836",0,1,4,0,134.809,0,143.62077,-9.912,97.341,8,10
"837",0,0,1,9,152.689,0,157.67465,-16.892,155.792,2,5
"838",0,1,4,2,218.976,1999,230.47791,-14.743,123.871,14,6
"839",0.328,1,4,2,144.126,2002,152.65914,-6.818,91.018,17,14
"840",0.38,0,4,9,269.897,1996,274.1024,-3.414,91.913,20,11
"841",3.558,0,1,7,264.661,1990,297.66485,-24.732,163.789,1,8
"842",0.142,1,4,11,190.299,2000,199.07873,-5.769,93.259,22,14
"843",0.102,1,4,7,205.52,2007,211.40853,-5.217,125.19,8,14
"844",0.152,0,4,11,197.027,1990,200.80281,-11.927,113.781,18,14
"845",0.659,1,4,1,331.5,2003,349.33506,-10.271,127.434,21,2
"846",0.27,0,4,2,344.648,1975,365.24363,-9.745,116.486,16,14
"847",0.16,1,4,8,327.245,0,343.40526,-11.432,126.954,9,3
"848",0.293,1,3,4,216.776,2000,222.74567,-14.519,108.054,8,2
"849",0,1,4,8,283.846,0,283.84608,-7,149.012,8,14
"850",0,1,4,5,320.209,2007,331.31057,-5.637,120.234,15,11
"851",0.113,1,4,9,340.968,2008,352.96608,-7.483,85.239,12,14
"852",0,1,4,8,150.999,2005,154.85342,-5.573,201.566,8,10
"853",0,0,3,4,234.684,2005,234.68363,-5.464,183.619,15,11
"854",0.461,0,4,3,285.559,0,289.30567,-6.569,124.152,9,13
"855",0.148,1,1,0,219.15,0,234.16118,-6.748,127.257,17,2
"856",0.148,0,3,11,263.059,2006,279.24853,-3.699,170.038,8,14
"857",0.206,0,1,7,171.236,2004,173.73995,-4.192,93,23,14
"858",0.195,0,4,9,280.137,2006,288.70485,-6.503,97.233,8,14
"859",0,1,1,10,217.188,2003,221.20444,-5.511,107.485,23,7
"860",0,1,4,7,278.648,1999,278.64771,-5.206,94.084,21,14
"861",0.078,0,4,11,180.547,2001,188.36853,-9.105,98.705,2,6
"862",0.125,1,4,7,149.101,2005,155.97669,-7.711,168.08,14,2
"863",0.125,1,4,1,290.313,2001,306.05016,-4.557,92.4,20,11
"864",0,1,4,8,242.358,0,248.52853,-6.623,141.493,5,10
"865",2.026,0,4,4,140.428,2001,147.22567,-9.647,103.967,20,11
"866",0.241,1,4,7,228.641,2002,240.3522,-5.933,89.981,2,6
"867",0,1,1,7,84.192,2002,84.1922,-2.908,120.907,21,7
"868",0.996,1,4,9,147.389,2001,155.24526,-15.512,167.793,10,9
"869",0,1,4,2,265.012,1993,265.01179,-7.416,134.551,22,1
"870",4.365,1,4,11,142.698,2003,159.65995,-13.092,87.461,2,3
"871",0.154,1,4,7,340.259,0,348.08118,-12.494,152.313,14,14
"872",0,1,4,7,107.99,0,114.52036,-8.649,104.487,24,11
"873",0,1,4,10,229.262,1994,247.58812,-8.512,121.524,10,14
"874",0.27,1,4,1,117.806,1996,128.33914,-13.276,115.365,9,12
"875",0.242,0,3,9,153.919,1967,171.15383,-14.876,163.371,18,14
"876",0.45,0,7,8,184.274,2007,193.74975,-7.944,161.032,1,14
"877",0.173,1,4,10,240.524,2007,256.93995,-8.036,130.106,14,9
"878",0.432,1,4,9,276.91,2009,288.33914,-4.433,136.383,8,14
"879",0.101,1,4,9,178.503,2005,180.55791,-7.468,100.05,9,11
"880",3.17,1,4,2,213.316,2001,218.67057,-11.413,157.419,6,14
"881",3.791,1,4,9,250.021,1988,266.4224,-10.228,127.68,9,14
"882",3.28,1,4,4,308.216,1977,312.58077,-11.803,127.803,14,14
"883",0.125,0,3,4,151.092,2006,158.11873,-4.795,94.898,24,10
"884",0,1,4,5,192.581,2005,201.29914,-4.428,160.057,12,14
"885",0.328,1,4,0,63.832,1981,67.76118,-18.967,89.32,19,14
"886",0.386,0,4,4,190.427,1974,200.202,-8.28,114.638,9,14
"887",0.357,1,4,1,190.618,1996,200.38485,-7.365,153.849,22,2
"888",0.235,1,4,6,169.61,2000,172.22485,-5.072,125.307,8,14
"889",0.357,1,1,0,285.907,2004,293.69424,-11.494,69.457,14,1
"890",0.214,1,4,4,276.126,1984,288.80934,-12.525,102.976,7,14
"891",1.535,0,3,10,260.47,1991,265.76934,-9.259,0,24,3
"892",0.229,0,4,6,116.785,2006,122.72281,-3.779,200.06,20,7
"893",5.985,0,4,11,245.023,2002,255.97342,-9.758,87.848,1,4
"894",0.062,0,4,11,198.664,2005,211.53914,-4.618,102.034,16,9
"895",0.148,0,4,2,298.411,1989,303.09832,-11.273,91.846,2,15
"896",0,0,3,4,241.255,2004,249.12934,-8.138,163.44,21,11
"897",0.148,1,3,10,202.06,2009,214.5171,-4.256,142.137,8,9
"898",0.384,1,3,9,294.847,1993,308.76689,-3.947,105.804,14,14
"899",2.955,1,4,4,285.152,1983,285.1522,-9.462,165.712,8,14
"900",0,1,4,4,241.449,2009,241.44934,-3.862,158.976,22,7
"901",0.235,1,4,3,422.255,1992,426.78812,-4.024,144.252,5,14
"902",0.554,0,4,11,238.306,1999,249.28608,-7.899,87.146,14,14
"903",0.305,1,4,4,109.436,0,116.89751,-6.957,130.196,14,14
"904",10.257,1,4,7,179.316,1966,182.56934,-14.299,107.593,12,14
"905",0,1,4,8,220.499,2006,220.49914,-3.884,110.631,18,7
"906",0,0,3,2,249.765,2001,256.33914,-10.426,92.922,8,13
"907",0,1,4,0,411.312,1991,415.81669,-9.306,131.272,13,14
"908",0.498,0,4,5,373.656,1994,382.01424,-7.971,137.589,12,14
"909",0,1,3,4,165.036,1999,169.69098,-6.669,92.551,20,11
"910",0.444,1,4,9,213.293,1996,221.33506,-9.472,91.833,14,14
"911",0,1,4,7,263.059,0,271.69914,-4.734,137.231,24,14
"912",0.101,0,1,9,233.529,0,246.72608,-4.146,84.014,20,14
"913",0.334,1,4,9,192.058,1996,195.5522,-7.497,169.938,22,14
"914",0.729,1,7,6,184.506,1929,191.11138,-14.873,114.177,21,1
"915",0,1,4,7,220.29,1998,220.29016,-3.935,148.412,2,14
"916",0.514,1,1,10,160.403,1961,167.70567,-23.611,92.851,1,2
"917",0.154,0,4,7,268.225,2003,280.00608,-7.787,167.997,21,9
"918",0.308,1,4,0,168.254,1996,168.25424,-5.936,134.102,8,14
"919",0,1,4,4,219.719,2007,229.14567,-6.062,77.722,2,9
"920",0.206,1,4,2,160.363,2008,171.10159,-8.81,130.985,17,2
"921",0,1,0,1,109.929,2004,233.27302,-4.309,0,15,3
"922",0,1,3,6,247.948,2003,252.62975,-6.172,97.045,8,14
"923",0,1,4,11,249.87,1994,265.06404,-8.6,146.775,14,14
"924",0,1,4,7,91.069,0,94.01424,-5.28,102.394,4,10
"925",0.217,1,4,1,285.896,2003,288.44363,-5.52,164.595,23,14
"926",0.339,0,3,5,271.865,2000,278.04689,-3.676,84.655,2,9
"927",0,1,4,1,261.877,1991,261.8771,-7.968,125.344,17,9
"928",0,1,5,8,44.478,2003,46.602,-13.928,201.792,20,11
"929",0.084,1,4,2,202.977,0,209.00526,-3.589,161.631,8,14
"930",0.345,0,4,7,220.764,0,236.042,-9.074,132.025,12,14
"931",0,0,3,6,300.907,1993,319.73832,-4.277,162.343,9,14
"932",0,0,4,6,154.117,1965,161.48853,-11.219,105.832,17,14
"933",0,1,3,7,131.053,1984,135.99302,-15.086,111.716,14,1
"934",0.183,1,3,6,265.491,2005,275.46077,-10.752,161.68,18,14
"935",0,1,3,5,514.014,1972,536.0322,-9.253,92.461,13,14
"936",0,0,4,6,149.763,2005,158.64118,-7.468,93.408,24,11
"937",2.601,1,4,6,337.102,2002,345.96526,-5.125,89.008,1,14
"938",0,1,4,0,300.495,1983,304.22159,-4.456,135.648,24,14
"939",0,1,4,8,176.613,2009,176.61342,-4.606,94.937,1,14
"940",2.043,0,4,4,280.468,2006,288.31302,-18.328,82.723,23,13
"941",2.409,0,4,2,254.288,1975,271.69914,-9.003,151.796,21,14
"942",0,0,4,10,136.96,2004,136.95955,-4.178,95.285,24,11
"943",0.165,1,1,7,272.271,2008,282.30485,-8.975,60.646,12,14
"944",4.719,1,4,10,182.712,2008,195.21261,-3.592,129.975,8,3
"945",0,0,4,10,162.783,2002,177.52771,-6.04,114.998,17,14
"946",3.338,1,1,6,132.621,2002,144.14322,-9.427,101.308,14,9
"947",0.403,0,3,7,318.096,2006,345.75628,-18.942,122.002,14,14
"948",0.938,1,4,4,237.401,2007,250.95791,-5.187,124.505,18,14
"949",0.252,1,4,7,233.616,1999,246.5171,-12.733,138.593,12,14
"950",4.017,0,4,0,262.565,2006,274.99057,-6.114,158.972,22,14
"951",0.299,0,4,2,184.332,0,195.81342,-4.436,146.063,23,14
"952",0.221,0,4,9,196.719,0,201.66485,-5.559,134.882,0,9
"953",0,1,4,7,162.215,2007,174.81098,-4.403,155.07,12,9
"954",2.247,1,4,7,182.526,1993,188.31628,-9.958,115.906,17,14
"955",0.108,1,4,4,270.431,2003,292.88444,-14.507,129.887,5,9
"956",0.091,1,4,8,178.84,2009,185.86077,-3.242,99.024,8,10
"957",0,1,4,4,159.144,2008,167.07873,-17.514,100.848,9,2
"958",2.682,0,4,0,216.474,2007,227.57832,-7.695,96.068,2,2
"959",0.282,0,3,7,312.726,0,328.69832,-7.317,104.186,13,7
"960",0.188,0,7,5,307.397,0,325.92934,-7.863,194.922,10,13
"961",0.069,1,4,9,220.148,2007,223.4771,-6.658,99.994,11,12
"962",0.177,0,4,1,196.243,2006,200.64608,-6.641,91.858,8,14
"963",0,1,7,9,234.919,1985,234.91873,-8.38,145.883,12,7
"964",0.09,1,5,6,189.829,2004,208.09098,-7.492,129.352,12,11
"965",0.55,1,3,7,143.47,1995,151.03955,-15.603,107.073,8,2
"966",0.27,0,7,10,325.619,1988,335.01995,-9.406,219.94,24,11
"967",2.438,1,4,7,249.626,1991,255.65995,-10.672,103.976,21,14
"968",1.646,0,5,4,222.43,1993,243.17342,-6.149,152.468,3,14
"969",2.241,1,1,0,357.193,0,364.64281,-17.67,60.882,12,5
"970",5.207,0,4,5,291.573,1999,293.66812,-11.083,97.748,16,13
"971",0.313,1,5,0,188.575,2005,207.62077,-5.116,96.002,2,6
"972",4.145,1,4,9,273.528,0,273.52771,-8.72,129.042,14,14
"973",0,0,4,4,254.996,2009,263.52281,-12.732,178.299,16,14
"974",0.107,0,4,3,71.03,1982,73.09016,-7.897,93.703,19,14
"975",0.206,1,4,2,200.742,1997,208.29995,-11.667,87.965,2,13
"976",2.363,1,4,7,221.977,2001,224.522,-5.823,179.486,5,9
"977",0,1,4,3,479.295,2007,509.49179,-6.664,165.908,23,7
"978",0.165,1,4,5,268.08,1995,280.11057,-8.882,154.548,8,1
"979",0,1,4,0,270.019,2006,282.04363,-6.327,79.935,7,14
"980",0,1,4,9,216.149,1990,221.43955,-11.278,131.813,20,14
"981",2.397,0,4,4,234.684,0,241.84118,-7.95,105.294,8,14
"982",0,1,4,7,257.585,2006,264.01914,-4.789,112.734,1,14
"983",0,1,3,8,179.659,2000,190.95465,-4.802,140.823,1,10
"984",0.351,0,4,5,309.992,1989,329.69098,-6.658,115.106,17,14
"985",2.914,0,5,7,221.901,2010,234.26567,-17.279,87.553,23,13
"986",0.316,1,1,7,137.77,0,143.82975,-11.366,150.439,13,2
"987",0,1,4,10,256.476,2001,260.96281,-3.941,96.087,8,9
"988",0.45,1,4,1,244.344,0,250.43546,-4.691,96.001,2,14
"989",0.282,1,4,11,207.865,2000,211.01669,-5.205,95.066,9,9
"990",0.102,1,4,10,288.641,2008,301.16526,-6.445,115.02,12,9
"991",0.31,1,4,1,211.418,2009,223.29424,-4.346,157.944,14,14
"992",0.293,1,4,9,134.438,1992,142.73261,-7.982,143.257,20,14
"993",0.481,1,4,2,218.424,2009,233.79546,-8.023,89.665,8,9
"994",0,1,4,7,260.197,1988,267.33669,-4.732,111.865,18,1
"995",0.421,0,4,2,356.2,1987,387.16036,-11.705,95.425,1,14
"996",0.473,0,4,11,222.902,2006,222.9024,-4.317,174.468,23,14
"997",0.206,1,4,9,230.475,1992,237.92281,-9.093,101.871,24,11
"998",0.247,0,4,10,291.561,0,302.13179,-7.819,101.311,16,5
"999",0,1,4,2,269.084,2009,277.75955,-5.903,159.886,12,7
"1000",0.34,0,4,10,125.463,1989,136.12363,-11.298,142.963,14,9
"1001",1.127,0,7,4,187.35,1993,198.42567,-7.958,175.954,17,2
"1002",0.235,1,5,8,229.918,2005,240.71791,-5.281,123.998,1,11
"1003",0,1,4,7,86.883,1997,86.88281,-8.834,161.737,17,12
"1004",2.496,0,3,4,194.206,2009,204.06812,-13.708,111.629,8,14
"1005",0.13,1,4,0,218.662,2002,225.67138,-6.737,100.532,1,14
"1006",0.066,0,4,11,205.659,1987,216.86812,-8.698,134.929,21,14
"1007",0.369,0,4,9,141.798,2000,148.29669,-8.315,87.844,15,11
"1008",0.821,0,5,0,191.048,1996,201.24689,-8.146,111.223,19,14
"1009",0.072,1,1,8,136.353,2006,153.23383,-6.754,131.639,8,14
"1010",0.316,0,4,7,218.825,2003,229.61587,-3.782,92.099,21,14
"1011",0.374,1,4,2,150.262,0,153.57342,-14.122,108.301,24,11
"1012",0.339,1,4,4,261.416,0,270.73261,-8.6,189.288,19,7
"1013",0.34,1,4,5,159.608,1972,159.60771,-9.079,124.714,14,14
"1014",0,0,4,9,206.576,0,206.57587,-15.794,186.23,6,14
"1015",0.443,1,4,0,187.623,1988,193.56689,-5.24,132.167,21,14
"1016",0.304,0,4,10,176.135,2002,181.52444,-5.622,145.999,14,9
"1017",0.374,1,4,8,327.378,1992,332.06812,-7.107,122.483,23,14
"1018",0.305,1,4,7,168.826,1991,177.81506,-9.54,114.047,14,9
"1019",0.155,1,4,8,208.927,1993,215.09179,-10.612,150.112,12,9
"1020",0,1,4,0,215.342,2008,236.19873,-15.967,241.818,8,9
"1021",0.334,1,4,7,269.526,1992,280.65914,-6.033,126.1,23,14
"1022",1.071,0,4,4,308.117,2007,320.15628,-8.959,148.684,14,12
"1023",0.096,0,3,6,203.767,2002,206.44526,-4.46,114.929,23,14
"1024",0.34,1,4,6,394.356,1991,397.5571,-8.74,107.022,24,11
"1025",0,1,4,6,266.315,1991,274.70322,-15.838,116.239,21,14
"1026",0,0,4,7,191.925,2000,196.362,-5.065,204.304,3,11
"1027",0.328,1,1,11,163.358,1999,181.86404,-7.914,40.384,21,2
"1028",0,0,4,9,133.596,1981,142.23628,-14.05,94.838,1,14
"1029",0,1,4,4,200.907,1979,200.9073,-13.613,127.463,14,14
"1030",0.444,1,4,11,151.069,0,168.30649,-7.207,149.527,21,14
"1031",0,0,1,10,264.672,2007,264.6722,-3.779,147.91,23,7
"1032",0,0,7,11,174.236,1990,174.23628,-9.79,206.941,14,14
"1033",0.121,1,4,0,104.455,1963,108.19873,-13.323,95.264,19,2
"1034",0.241,0,4,10,124.024,1985,133.25016,-13.77,207.238,14,10
"1035",0.183,1,3,7,110.196,2008,119.40526,-10.775,101.306,8,14
"1036",0.131,0,4,3,191.501,2006,206.75873,-6.704,130.008,22,3
"1037",0,1,4,0,318.851,2006,331.36281,-12.527,91.371,8,9
"1038",0,0,4,4,248.924,2004,252.08118,-5.131,206.936,23,7
"1039",0.38,1,4,4,208.347,0,219.08853,-13.943,131.634,14,14
"1040",0.096,1,4,7,189.521,1992,200.6722,-13.269,120.716,21,5
"1041",0.194,0,3,9,210.617,1989,223.97342,-7.364,88.505,2,12
"1042",2.154,1,3,2,221.594,1995,241.8673,-8.03,90.703,18,9
"1043",0,1,4,1,177.296,1999,196.91057,-7.481,200.265,20,11
"1044",0,1,4,2,184.346,1981,184.34567,-8.105,126.513,9,14
"1045",0.51,1,4,5,210.75,2005,221.41342,-7.603,122.002,8,14
"1046",0,1,4,5,185.905,1978,191.55546,-7.196,140.172,8,14
"1047",0.078,0,4,11,163.59,0,167.60118,-5.988,116.638,24,10
"1048",0.287,1,4,8,227.637,2002,236.95628,-3.924,139.99,6,9
"1049",0.154,1,3,7,266.449,2002,272.95302,-9.846,124.023,15,3
"1050",0,1,4,9,112.774,0,124.39465,-8.039,177.098,21,2
"1051",2.81,1,4,9,259.535,2005,269.34812,-6.294,136.82,8,14
"1052",6.327,1,3,5,268.98,2009,277.83791,-6.399,116.957,5,9
"1053",0,1,4,7,207.215,2008,215.64036,-4.462,237.831,14,14
"1054",0.096,1,4,6,253.457,2002,255.63383,-3.084,92.649,20,11
"1055",0.205,1,4,0,152.143,2005,160.62649,-6.94,131.074,8,2
"1056",0.148,1,3,11,220.247,2009,233.66485,-6.446,137.951,8,14
"1057",0.113,1,4,5,336.904,1999,340.4273,-5.298,127.585,23,14
"1058",0.076,1,4,0,205.827,2008,209.00526,-4.92,130.031,17,9
"1059",0,1,4,7,266.031,2002,266.03057,-6.404,129.909,18,14
"1060",0.084,1,3,2,225.907,2003,237.50485,-3.909,196.04,5,13
"1061",3.907,1,4,10,210.535,2000,215.87546,-15.901,131.4,21,14
"1062",0.142,0,4,7,197.097,2003,201.58649,-2.87,182.977,23,14
"1063",0.264,1,4,0,228.333,0,232.56771,-10.181,140.09,5,4
"1064",0.066,0,4,11,209.229,1999,213.62893,-6.969,93.317,20,14
"1065",7.036,1,4,9,297.39,2008,301.45261,-8.326,117.949,6,13
"1066",0.113,1,4,7,330.641,0,353.04444,-8.192,91.973,22,9
"1067",0,1,4,1,161.64,2004,173.60934,-6.601,108.013,24,11
"1068",0,1,4,6,313.104,2008,318.09261,-6.182,141.223,12,14
"1069",1.001,0,4,8,264.185,1992,276.71465,-6.694,116.815,12,14
"1070",0.247,1,4,1,185.742,2003,201.22077,-7.633,81.689,0,9
"1071",0,1,4,2,161.361,0,172.93016,-10.592,99.752,5,14
"1072",0.067,1,3,6,299.892,1993,303.46404,-6.125,69.573,21,11
"1073",0.072,1,4,8,259.738,2008,281.18159,-10.67,196.022,14,14
"1074",0,0,4,10,274.75,0,278.96118,-5.682,175.781,12,7
"1075",0,0,1,0,257.637,2007,269.71383,-6.013,162.019,21,7
"1076",2.949,1,3,4,181.441,0,187.53261,-16.692,87.192,11,2
"1077",0,1,4,5,286.912,1996,311.19628,-9.356,97.036,16,14
"1078",0.409,0,3,4,308.918,2006,322.11546,-13.935,103.177,14,6
"1079",3.913,1,4,6,261.433,2002,270.70649,-6.247,164.049,8,14
"1080",0,1,4,9,199.593,1974,211.66975,-10.906,154.038,7,14
"1081",0,1,1,0,197.968,2003,202.10893,-7.597,140.017,8,3
"1082",0,1,5,0,172.008,0,175.20281,-10.796,125.228,12,11
"1083",0,1,3,1,303.758,0,310.72608,-6.192,111.67,8,11
"1084",0.623,1,4,7,233.848,1998,239.20281,-11.084,115.304,21,2
"1085",0.16,1,5,1,123.356,1967,128.96608,-11.863,102.151,4,2
"1086",0.948,0,4,7,193.451,1983,208.66567,-7.792,132.159,9,14
"1087",1.193,1,4,7,230.824,1991,243.9571,-10.847,137.937,13,14
"1088",0.369,1,4,11,258.479,1993,267.2322,-9.272,123.755,8,13
"1089",0.194,1,4,2,243.281,1979,253.02159,-8.885,131.564,22,14
"1090",0.078,1,4,11,220.595,2009,223.89506,-6.103,127.969,10,14
"1091",0,1,4,2,279.208,2001,295.60118,-12.397,65.941,8,14
"1092",0,0,4,11,290.569,0,293.19791,-6.229,150.003,3,9
"1093",0.14,1,4,7,389.555,2001,399.98649,-9.272,66.41,1,14
"1094",0,0,4,8,236.606,1996,252.99546,-11.672,90.998,20,11
"1095",0.131,0,4,11,209.914,0,216.94649,-9.181,94,10,10
"1096",0.513,0,7,11,201.096,1976,209.13587,-8.852,123.438,14,9
"1097",0.328,0,1,6,542.064,2005,551.91465,-17.293,113.447,21,1
"1098",2.287,0,4,1,225.489,2000,225.48853,-4.805,94.653,20,11
"1099",0,1,5,5,221.431,2002,229.53751,-5.426,139.629,12,9
"1100",0.148,0,4,10,285.124,1985,302.28853,-4.621,120.72,14,14
"1101",0.595,1,5,0,43.752,2006,47.46404,-11.088,72.685,8,3
"1102",0.241,1,7,2,180.703,1996,191.39873,-9.316,111.829,8,4
"1103",0.148,1,4,9,111.49,1993,111.49016,-8.889,115.763,16,10
"1104",0.784,1,4,0,307.949,1991,317.83138,-14.989,174.059,8,9
"1105",0.183,1,1,7,276.683,1997,286.30159,-8.204,109.253,8,9
"1106",2.038,1,4,6,234.08,2004,262.21669,-6.4,132.998,8,3
"1107",0.496,1,4,9,351.539,1993,368.1171,-12.157,58.387,14,7
"1108",0,1,4,1,212.068,2001,228.44036,-6.923,95.932,9,11
"1109",0,1,4,7,325.538,1992,344.05832,-10.634,167.753,1,14
"1110",0.345,1,3,0,236.449,1998,260.17914,-6.076,61.593,16,14
"1111",0.177,1,4,10,227.944,0,258.42893,-13.63,100.02,6,9
"1112",0,1,3,2,273.032,0,280.0322,-7.625,150.061,19,4
"1113",0.09,0,4,4,221.936,1991,221.93587,-13.035,121.615,1,14
"1114",0.421,1,1,2,49.842,0,54.12526,-16.453,85.875,24,11
"1115",0,1,5,0,271.192,2000,289.12281,-6.724,89.296,7,14
"1116",2.27,0,4,3,228.711,2001,241.24036,-8.077,153.474,8,9
"1117",9.66,1,4,11,192.104,2007,210.49424,-5.508,126.294,4,14
"1118",0.175,1,3,0,207.314,2006,217.57342,-10.786,186.44,8,14
"1119",0.104,1,4,11,114.637,1996,123.402,-15.419,226.146,4,2
"1120",11.802,1,4,1,323.5,2003,327.1571,-5.234,138.657,22,14
"1121",0.095,1,4,9,187.826,1995,200.07138,-4.737,162.909,21,14
"1122",0.375,1,3,0,137.66,0,146.23302,-13.261,112.884,3,2
"1123",0.061,0,3,5,363.752,2006,372.76689,-8.265,66.366,1,1
"1124",0.137,1,4,0,201.12,2001,208.50893,-8.28,100.002,19,12
"1125",0.119,1,4,8,276.544,2006,279.53587,-5.852,129.962,2,6
"1126",0.166,1,5,9,195.634,2003,208.92689,-7.042,93.355,2,9
"1127",0.357,0,1,9,299.114,1970,304.45669,-13.562,134.616,7,14
"1128",0.241,1,1,9,230.708,1967,238.94159,-23.977,174.23,16,1
"1129",0,0,4,9,173.25,2008,180.89751,-7.279,101.664,11,13
"1130",0.194,1,4,11,350.79,1997,357.642,-10.851,114.313,18,3
"1131",0,1,4,0,105.198,2001,108.12036,-4.926,198.201,10,10
"1132",0,1,4,7,338.936,2008,341.41995,-8.652,162.329,14,9
"1133",0.09,1,4,1,235.224,2002,249.18159,-6.297,84.797,9,13
"1134",0,1,4,9,283.103,1992,291.16036,-3.349,180.469,22,11
"1135",0.374,1,4,3,230.208,0,240.97914,-8.505,143.908,13,14
"1136",0,1,3,7,203.064,1997,209.00526,-5.945,153.785,8,14
"1137",0.34,1,4,4,156.52,2000,164.33587,-6.231,105.976,2,6
"1138",0.206,1,1,10,181.133,1991,187.03628,-19.27,70.746,1,1
"1139",0,1,4,6,154.912,2003,164.54485,-10.897,148.045,18,14
"1140",0.334,1,4,9,281.124,0,295.36608,-4.707,120.18,1,14
"1141",0.27,1,1,7,99.5,1997,99.49995,-5.301,228.637,8,14
"1142",6.177,0,3,11,265.747,2008,270.13179,-3.225,126.182,23,14
"1143",0.274,1,4,9,215.353,2005,218.64444,-5.806,130.495,6,13
"1144",2.177,1,4,4,258.461,1987,263.70567,-10.981,146.01,5,14
"1145",0.213,1,4,4,357.03,1995,366.70649,-7.098,123.448,2,6
"1146",0,1,3,11,297.302,1992,316.76036,-11.76,98.406,1,14
"1147",0,1,4,9,196.101,1994,196.10077,-7.467,160.138,21,12
"1148",1.53,0,4,6,193.312,2004,195.65669,-3.044,144.721,6,14
"1149",5.671,0,3,9,271.209,2005,295.67955,-6.473,137.008,8,14
"1150",0,1,4,10,210.083,1995,225.33179,-7.991,135.985,4,13
"1151",0.183,1,3,10,245.522,1998,255.39873,-8.022,105.919,8,14
"1152",0.119,1,4,8,186.694,0,204.85179,-6.682,126.956,2,6
"1153",0,1,4,5,242.207,1981,242.20689,-3.237,130.372,10,14
"1154",0,1,1,7,199.872,2009,202.91873,-12.024,130.692,16,14
"1155",0,1,3,9,236.124,1979,241.8673,-12.328,94.423,1,14
"1156",3.988,0,4,4,337.56,1986,354.35057,-7.333,105.131,4,14
"1157",11.389,0,4,9,630.886,2000,645.38077,-12.793,120.36,13,14
"1158",0,1,1,2,125.283,1996,125.28281,-4.285,133.05,11,14
"1159",0,0,3,8,227.451,2001,231.49669,-5.349,176.83,20,11
"1160",0.084,0,4,8,324.11,2004,343.562,-5.82,123.847,14,14
"1161",2.891,1,4,0,212.648,1988,229.642,-12.818,129.846,16,14
"1162",0.792,1,4,1,281.112,1975,285.1522,-11.969,126.729,10,14
"1163",0.256,1,4,0,162.482,1985,170.89261,-15.591,112.48,8,14
"1164",4.18,1,4,2,217.13,1992,241.52771,-18.454,108.616,10,11
"1165",0,1,3,7,205.752,2004,216.5024,-9.911,142.121,8,9
"1166",0.177,0,4,4,234.899,0,247.24853,-7.518,120.08,8,9
"1167",0.403,1,4,0,236.292,0,256.67873,-10.223,120.093,14,14
"1168",0,1,4,7,188.212,2000,188.21179,-5.008,178.142,23,10
"1169",0.293,1,4,3,339.336,1993,346.5922,-15.018,89.921,8,9
"1170",0.061,1,4,3,244.402,0,249.52118,-5.951,98.998,2,6
"1171",0,1,4,7,224.682,0,244.08771,-6.228,123.245,16,14
"1172",2.31,1,4,1,207.337,2008,214.9873,-11.588,119.612,9,11
"1173",0.237,1,1,7,305.342,0,310.64771,-9.013,126.537,21,14
"1174",0,0,4,11,253.527,1982,266.05669,-10.762,153.264,21,12
"1175",0.451,1,3,9,256.023,2000,265.24689,-8.387,131.458,12,2
"1176",0,1,4,1,288.322,2001,294.13832,-4.603,93.328,20,11
"1177",0,1,4,1,275.615,1992,278.12526,-7.352,119.423,9,14
"1178",0.275,0,4,1,233.529,2004,237.19138,-5.129,164.041,15,11
"1179",0,1,4,7,183.542,2003,188.94322,-7.549,99.077,12,3
"1180",0,0,5,4,225.097,1996,225.09669,-6.504,94.234,11,3
"1181",1.031,1,4,1,381.991,2002,392.82893,-5.295,85.083,14,9
"1182",0,0,4,11,200.806,1982,210.54649,-10.992,140.456,17,14
"1183",0,0,4,10,246.404,2002,250.77506,-6.188,177.963,12,13
"1184",0.173,1,3,8,374.015,1992,386.79465,-10.118,125.787,6,1
"1185",0,1,4,10,231.631,1999,246.80444,-3.93,135.021,6,14
"1186",0,0,4,10,137.242,0,154.40934,-6.609,139.706,21,14
"1187",0,0,4,7,162.716,2003,162.71628,-10.257,126.948,2,14
"1188",0.525,0,4,1,192.865,0,202.9971,-11.772,85,13,14
"1189",0.096,1,4,0,191.263,2007,202.00444,-12.826,117.58,17,14
"1190",0.16,1,4,0,345.687,0,348.44689,-5.817,131.502,23,7
"1191",0.177,0,3,7,253.498,2003,255.99955,-6.155,113.485,19,13
"1192",0.202,1,4,2,224.467,1972,229.56363,-11.68,165.904,8,14
"1193",0,1,4,9,361.343,2002,364.72118,-10.202,80.062,2,6
"1194",0.299,1,3,2,265.822,1995,282.33098,-9.851,111.532,21,2
"1195",0,0,4,7,170.475,1987,190.17098,-15.494,117.535,5,11
"1196",0.206,0,4,10,277.289,2002,277.28934,-5.64,98.507,8,14
"1197",0.165,1,4,7,127.059,1987,127.05914,-5.454,105.434,18,6
"1198",0.287,1,4,0,284.549,2006,294.19057,-6.805,124.517,14,9
"1199",4.743,0,4,10,169.842,1990,188.31628,-10.553,186.393,20,11
"1200",0.374,1,7,4,162.342,1987,167.78404,-9.966,166.09,12,7
"1201",0.063,1,4,2,180.024,0,185.83465,-7.541,146.051,2,14
"1202",0,1,1,10,275.818,2000,278.56934,-4.842,156.581,8,14
"1203",0.299,1,4,3,321.788,1993,343.43138,-9.808,94.705,8,14
"1204",0.165,0,4,8,201.421,2005,204.59057,-7.162,159.9,12,14
"1205",0.115,1,4,8,231.149,2001,236.64281,-8.025,86.918,23,11
"1206",0.566,1,3,2,189.835,1990,201.16853,-13.419,66.246,8,14
"1207",0,1,3,1,174.991,1998,183.09179,-14.469,87.679,8,14
"1208",1.019,1,3,0,239.52,1982,243.06893,-10.502,141.816,1,14
"1209",0,0,4,7,267.865,2006,271.64689,-7.537,192.417,2,6
"1210",2.078,1,4,7,223.19,0,223.18975,-9.049,139.91,8,9
"1211",0,0,4,6,303.09,2004,317.46567,-6.806,133.325,8,14
"1212",0.084,1,1,6,161.994,2004,172.14649,-6.088,104.115,21,14
"1213",0,1,7,6,238.283,2008,247.97995,-9.237,160.26,1,14
"1214",0,1,1,9,73.636,1995,82.65098,-12.558,192.239,23,14
"1215",0.43,1,4,7,66.374,2004,68.49261,-12.919,142.666,3,11
"1216",0.252,1,1,8,162.644,1972,170.29179,-11.314,153.802,16,14
"1217",0.087,1,4,11,178.666,1986,183.90159,-12.289,187.176,14,10
"1218",0,1,1,8,258.328,2008,261.43302,-6.405,126.428,23,14
"1219",0.7,1,1,4,389.898,1977,393.61261,-9.897,149.629,7,14
"1220",0.415,1,4,2,224.729,1997,235.65016,-6.322,142.893,14,14
"1221",1.048,1,4,3,245.806,1990,258.2722,-7.178,109.993,8,14
"1222",1.001,1,3,6,222.848,2005,230.47791,-8.21,96.179,20,9
"1223",0,0,4,0,196.354,1993,203.65016,-14.897,195.824,18,14
"1224",0.258,0,4,7,201.485,2001,205.11302,-1.869,150.573,11,14
"1225",0,0,4,4,286.598,2006,299.72853,-16.253,173.945,12,14
"1226",0.101,1,3,0,411.353,2002,422.55628,-9.929,102.739,1,7
"1227",0,0,4,9,162.383,0,166.94812,-18.712,146.422,18,1
"1228",0.072,0,4,6,288.311,1980,300.14649,-5.693,137.804,17,14
"1229",4.36,1,4,9,276.12,2001,295.75791,-7.867,97.683,14,2
"1230",0,1,4,7,209.206,0,213.31546,-11.982,132.43,1,14
"1231",0,0,4,1,146.831,2002,155.61098,-2.321,88.889,14,14
"1232",6.647,1,5,7,292.275,2004,308.76689,-7.255,223.617,21,9
"1233",0,1,5,1,7.131,2002,7.13098,-13.558,195.208,24,11
"1234",0,0,5,6,203.232,2007,203.2322,-4.995,151.8,10,14
"1235",0.183,0,4,5,229.82,2000,249.93914,-11.637,122.831,5,14
"1236",6.513,1,4,1,156.479,2005,160.31302,-9.385,152.785,7,14
"1237",0.363,0,4,10,242.608,0,247.14404,-6.276,126.855,1,6
"1238",2.119,0,4,6,181.748,2003,190.74567,-5.718,155.08,21,11
"1239",0.247,1,4,7,230.534,1993,245.73342,-8.997,120.172,12,15
"1240",0,1,4,0,187.768,2004,187.76771,-6.09,144.002,12,14
"1241",0.358,1,4,0,175.369,1956,183.50975,-16.968,120.423,14,2
"1242",2.27,1,4,5,161.018,2004,161.01832,-4.279,170.94,4,14
"1243",3.129,1,4,4,287.126,1991,298.57914,-5.899,135.314,8,14
"1244",0.131,1,1,7,232.24,2005,237.00853,-9.664,85.744,6,14
"1245",0.212,0,4,0,269.415,2004,281.70404,-8.061,105.837,8,14
"1246",0,0,5,9,140.754,1999,144.01261,-4.527,71.707,21,7
"1247",0.193,1,4,6,379.64,0,403.25179,-11.533,143.676,2,6
"1248",0.2,1,4,5,132.609,1998,144.14322,-15.284,103.801,8,14
"1249",0,1,4,11,147.046,2009,154.95791,-8.005,120.148,12,9
"1250",0,0,4,10,211.603,1998,230.50404,-8.668,95.752,20,11
"1251",0.067,1,4,11,233.935,2002,238.21016,-9.02,122.166,21,2
"1252",0.194,1,7,0,204.487,1979,211.1473,-8.958,194.283,10,14
"1253",0,1,4,1,233.72,2001,235.98975,-7.557,85.865,15,11
"1254",0,1,4,1,356.926,2009,369.57995,-6.555,110,23,3
"1255",0,1,4,6,402.364,1988,402.36363,-5.454,122.838,9,14
"1256",0,0,4,0,243.989,0,264.6722,-7.228,117.004,18,11
"1257",0.346,0,4,5,192.557,2007,201.27302,-3.892,125.562,12,14
"1258",0.381,1,1,0,174.591,0,178.25914,-12.518,109.961,20,1
"1259",0,0,1,11,207.697,2008,225.12281,-4.808,134.734,23,14
"1260",0.206,1,4,7,310.37,0,315.97669,-6.823,104.357,20,11
"1261",0,0,4,4,213.879,0,227.94404,-6.221,93.859,20,11
"1262",0.201,1,4,4,147.342,2000,160.62649,-8.211,161.991,14,13
"1263",0.374,1,1,0,189.98,1985,198.53016,-5.233,185.452,16,14
"1264",0,1,4,2,136.115,1978,141.08689,-6.021,150.04,8,14
"1265",0,1,3,3,455.593,2006,475.21914,-8.316,124.562,23,7
"1266",0,1,3,11,179.409,2006,179.40853,-4.027,98.377,23,14
"1267",0.177,1,4,7,386.194,1998,386.19383,-8.087,140.185,20,14
