"","song_hotttnesss","end_of_fade_in","mode","time_signature","key","start_of_fade_out","year","duration","loudness","genre"
"1",NA,0.148,0,4,6,137.915,1969,148.03546,-9.843,"Rock"
"2",NA,0,1,4,0,217.124,1982,233.40363,-9.013,"Rock"
"3",0.604500738589,0.066,1,4,2,198.699,2007,209.60608,-4.501,"Punk"
"4",0.265861049211,5.3,1,4,4,258.99,1984,269.81832,-13.496,"Rock"
"5",0.405115721691,0,1,4,7,486.034,1987,491.12771,-8.576,"Rock"
"6",0.684136191229,0.145,1,4,7,285.605,2004,290.29832,-5.271,"Rock"
"7",0.66652784623,0.061,1,4,7,204.696,2004,207.77751,-4.264,"Metal"
"8",0.3759843015,0,1,1,7,225.097,0,225.09669,-5.908,"Rock"
"9",0.528782480943,0,1,4,2,87.806,2003,95.68608,-2.022,"Rock"
"10",NA,0.183,1,4,1,246.19,1992,248.78975,-7.805,"Blues"
"11",0.785892288388,0.734,1,4,0,168.699,2006,175.72526,-10.93,"Electronic"
"12",0.434838090261,0.071,1,5,7,237.598,2009,251.42812,-12.009,"Jazz"
"13",0.610474257772,0,1,4,7,298.347,1995,300.79955,-13.33,"Rock"
"14",0.626165759669,0.322,1,4,7,224.049,1990,246.69995,-9.603,"Latin"
"15",0.624425493271,0,0,4,11,213.664,2004,229.61587,-4.882,"Pop"
"16",0.635536648623,0.286,0,4,0,399.9,2000,426.89261,-12.951,"Electronic"
"17",NA,0.229,1,1,9,130.026,1963,136.48934,-9.091,"Pop"
"18",NA,0.165,1,4,3,192.087,1990,195.91791,-11.98,"Country"
"19",0.725121283567,0.113,1,4,2,279.179,2005,288.41751,-8.165,"Rock"
"20",0.570105930058,0,0,5,1,121.005,2001,124.18567,-10.296,"Rap"
"21",0.488289876037,0,1,3,7,253.452,2005,261.95546,-13.627,"Country"
"22",0.345802233965,0.45,1,4,8,322.101,1994,329.27302,-7.103,"RnB"
"23",0.466304830757,3.344,1,4,9,273.589,2001,292.8322,-4.953,"Rock"
"24",0.345802233965,2.566,0,1,10,289.332,1991,301.81832,-8.095,"Reggae"
"25",0.825173540378,0,0,5,6,396.533,1997,416.80934,-7.982,"Rock"
"26",0.659304669164,4.267,0,3,4,414.697,2006,428.56444,-8.403,"Rock"
"27",0.519448581494,0.078,0,4,6,135.285,1986,140.66893,-28.347,"Punk"
"28",0.543052864199,0,0,4,4,185.289,2005,190.24934,-4.172,"Rock"
"29",NA,2.67,1,4,7,248.337,1981,255.16363,-10.756,"Rock"
"30",0.447135796286,0.416,1,4,2,339.754,1997,345.93914,-6.951,"Rock"
"31",0.714046552772,3.489,1,4,0,250.921,1986,261.74649,-9.628,"Rock"
"32",0.360370582712,0,1,1,5,117.661,2005,133.27628,-15.736,"Rock"
"33",0.56698844404,0,1,4,9,251.141,2006,264.69832,-5.871,"Pop"
"34",0.519403045737,0.27,1,4,6,192.182,2007,192.1824,-6.258,"Rap"
"35",0.688521844119,0.38,1,4,0,316.447,2001,327.8624,-6.531,"Pop"
"36",0.696469436584,0.194,1,4,4,218.827,2003,218.8273,-3.803,"Punk"
"37",NA,0,1,4,7,214.941,1999,224.522,-6.694,"Metal"
"38",0.784194615956,0.229,1,4,2,233.586,2001,233.58649,-3.937,"Metal"
"39",NA,0.107,1,3,10,276.95,2007,288.49587,-5.912,"Metal"
"40",0.621765582518,0.133,1,4,1,173.761,0,181.55057,-9.334,"Rock"
"41",0.87370249491,0,0,4,10,229.837,2003,241.52771,-7.255,"Rock"
"42",0,0.318,1,3,9,150.065,0,159.03302,-9.668,"Country"
"43",0.41967427881,0.386,1,4,4,195.785,2008,205.21751,-4.332,"Pop"
"44",0.721572660839,0,1,4,1,147.696,2006,153.28608,-7.535,"Electronic"
"45",NA,0,1,1,9,156.032,1998,168.38485,-12.77,"Rock"
"46",0.636287224427,0,0,4,6,266.422,2000,266.4224,-5.947,"Rap"
"47",NA,0.427,1,3,7,308.094,1989,313.7824,-11.488,"Blues"
"48",0.425124658313,0.085,1,4,8,219.214,1989,224.60036,-13.256,"Folk"
"49",NA,4.569,1,4,0,226.569,1999,236.25098,-5.12,"Pop"
"50",0.419125892959,0.537,1,4,9,198.159,2004,207.43791,-11.255,"Pop"
"51",0.401486711428,0,1,4,1,333.769,1998,338.1024,-6.318,"Rap"
"52",0.270775998946,0,1,4,2,202.374,2007,221.67465,-2.838,"Rock"
"53",NA,3.692,1,4,7,210.245,0,212.61016,-8.548,"Rock"
"54",NA,0.129,0,4,9,146.036,1991,149.99465,-5.165,"Rap"
"55",NA,0,1,4,0,213.008,2005,215.53587,-2.315,"Metal"
"56",0.63924848915,5.254,1,4,9,480.403,1985,492.30322,-12.091,"Rock"
"57",NA,0.206,1,4,10,249.156,2003,256.10404,-7.758,"RnB"
"58",0.660344382587,0,1,3,7,271.72,1999,291.02975,-4.507,"Rock"
"59",0.542307526169,2.786,1,4,7,227.498,2005,237.42649,-4.621,"Rock"
"60",0.660369705772,0.415,1,4,6,170.156,2006,172.19873,-4.806,"Rock"
"61",NA,2.084,0,4,6,333.456,0,359.73179,-7.301,"Rock"
"62",0.784712265796,2.635,1,4,2,172.054,2001,180.97587,-3.637,"Rock"
"63",0.400039656955,0,0,3,2,238.51,2001,251.81995,-8.654,"Folk"
"64",NA,0.264,0,1,6,194.502,1983,202.94485,-18.863,"Rock"
"65",NA,0,1,4,9,462.222,2007,466.65098,-7.714,"Rock"
"66",0.511424325686,0.212,0,4,5,276.59,1999,293.92934,-9.464,"World"
"67",NA,0.194,0,4,5,178.672,2007,187.6371,-7.188,"Pop"
"68",0.569275650675,0.154,1,4,7,169.558,0,174.81098,-3.235,"Pop"
"69",0.653815560975,0,1,4,0,143.139,2004,146.59873,-7.249,"Metal"
"70",0.70112428622,0,1,1,4,141.398,1995,148.1922,-19.976,"Pop"
"71",0.674164746452,0.17,1,1,7,219.655,1997,225.12281,-7.315,"Pop"
"72",0.538200451746,0.071,1,1,7,250.357,2008,250.3571,-5.766,"Rock"
"73",0.67569680729,3.065,1,4,2,350.372,2009,362.31791,-6.762,"Metal"
"74",0.99775839634,0.104,1,1,5,217.298,0,231.18322,-9.647,"RnB"
"75",NA,0,0,4,10,316.772,0,327.88853,-5.703,"Electronic"
"76",0.646995746924,6.844,1,4,7,266.223,0,280.45016,-6.876,"Latin"
"77",0.535106024898,0.131,1,4,7,243.125,1999,254.01424,-7.199,"Rock"
"78",NA,0,1,4,2,179.188,2006,190.56281,-10.548,"Blues"
"79",NA,0,1,4,8,133.625,0,141.19138,-9.56,"Pop"
"80",0.714329037028,0.618,1,4,1,229.976,2003,240.43057,-4.714,"Rock"
"81",0.41967427881,0.34,1,4,7,183.844,2004,194.35057,-13.047,"Folk"
"82",0.503381236206,0.255,0,4,9,281.141,2002,298.37016,-6.311,"Blues"
"83",0.549342331788,2.955,1,1,6,346.448,1999,359.6273,-10.609,"Punk"
"84",0.638297906423,0.16,1,4,4,229.825,2001,234.52689,-6.022,"Rap"
"85",0.392008771471,0.177,1,4,7,258.885,2005,290.97751,-15.546,"Country"
"86",0.546635488572,0,1,3,7,314.23,0,324.85832,-10.086,"Rock"
"87",0.334706549069,0.456,1,4,4,230.075,1992,235.41506,-5.492,"Rock"
"88",0.704963316972,0.212,0,4,4,224.177,2003,230.42567,-5.981,"Rock"
"89",NA,0.346,1,1,4,188.943,1927,188.94322,-17.714,"Blues"
"90",NA,0.073,1,4,1,252.204,2006,260.54485,-5.202,"Electronic"
"91",0.631600818089,0.276,1,4,4,187.582,2000,197.19791,-29.75,"Jazz"
"92",0.597640797715,0.238,1,5,5,275.528,2001,280.21506,-3.306,"Metal"
"93",0.678235925409,0,1,4,10,216.195,1998,222.09261,-7.974,"Rap"
"94",0.591758450824,0.183,1,1,0,275.418,2003,283.74159,-11.766,"Rock"
"95",0.747754815505,3.413,0,4,6,200.789,2005,212.29669,-3.753,"Rock"
"96",0.558997327039,0,1,3,11,147.603,2004,149.91628,-8.225,"Rap"
"97",0.554384121184,0,1,4,0,256.592,2009,280.24118,-9.074,"Electronic"
"98",NA,0.125,0,4,9,132.737,0,138.4224,-4.994,"Country"
"99",0.407901717218,0,0,4,9,279.319,1999,286.24934,-9.033,"Rock"
"100",0.680334934556,0,0,3,4,347.846,2002,347.84608,-6.774,"Pop"
"101",0.514753324338,0,0,4,10,219.173,2006,225.64526,-4.442,"Rock"
"102",NA,0.119,1,4,11,211.569,1989,215.11791,-5.945,"Rock"
"103",NA,0.224,1,4,9,152.816,1968,159.60771,-13.592,"Country"
"104",0.66846625787,0.976,1,5,7,200.899,0,209.99791,-6.186,"Rock"
"105",0.691042545586,0,0,4,9,215.208,1999,218.61832,-2.599,"Metal"
"106",0.215080318509,0,1,1,5,248.79,1989,248.78975,-11.814,"Rock"
"107",0.629071835595,0,1,4,7,323.186,2007,323.18649,-4.238,"Metal"
"108",0.323112120895,0.183,1,4,7,250.358,2002,269.73995,-7.462,"Rock"
"109",0.589637891359,0,0,4,9,85.263,1983,85.26322,-9.614,"Punk"
"110",0.663124801396,0.078,1,4,4,267.685,2008,271.85587,-4.002,"Electronic"
"111",NA,1.46,1,4,6,269.328,1999,275.69587,-6.518,"Pop"
"112",NA,0.119,1,4,2,246.213,0,259.68281,-18.184,"Country"
"113",0.653306677871,0,1,4,5,417.671,2004,417.67138,-7.865,"Reggae"
"114",0.426223508159,0.062,1,5,2,180.024,1977,189.30893,-7.54,"Rock"
"115",NA,0.148,1,4,4,257.248,1995,263.8624,-5.498,"Rock"
"116",NA,0.647,1,4,0,287.277,1983,298.89261,-6.375,"RnB"
"117",0.666532379094,0,1,4,9,181.481,2007,189.75302,-5.991,"Rock"
"118",0.589946218654,0.149,0,4,7,175.299,1994,194.40281,-6.942,"Rock"
"119",0.702289777172,0.241,1,4,11,172.141,2004,174.602,-4.022,"Rock"
"120",0.693478470767,0.061,1,1,6,180.251,1996,184.2673,-10.72,"Blues"
"121",0.697241445138,0.119,1,4,11,315.31,1969,324.70159,-11.359,"Rock"
"122",0.650405807903,0,0,4,10,214.698,2000,223.52934,-5.304,"Pop"
"123",0.58090087381,0,1,4,9,169.059,2007,173.37424,-5.516,"Metal"
"124",NA,0.147,1,4,0,190.346,2003,195.5522,-6.675,"Latin"
"125",0.413752421598,0.374,1,4,7,154.749,1992,159.34649,-16.163,"Jazz"
"126",0.460484844986,1.483,1,3,2,216.178,1972,221.962,-28.946,"Blues"
"127",0.667410874306,0,1,4,1,248.413,1999,260.33587,-5.869,"Rap"
"128",0.400039656955,0,1,1,5,227.097,2002,238.47138,-3.947,"Rap"
"129",0.474054830931,2.345,1,3,7,289.21,1981,308.94975,-14.178,"Rock"
"130",0.719747140996,3.257,1,1,8,229.767,1986,237.13914,-8.591,"Rock"
"131",0.615699366933,2.368,1,4,9,284.311,1995,312.13669,-7.207,"Rock"
"132",NA,3.32,1,4,3,461.926,2008,472.45016,-3.258,"Metal"
"133",0.463489662237,0,1,1,7,159.655,0,163.29098,-5.084,"Rock"
"134",0.637783285652,3.268,1,4,0,102.806,1999,108.40771,-6.695,"Rock"
"135",0.616433817983,0.206,1,4,7,133.863,2007,144.03873,-3.942,"Rock"
"136",0.71839133029,2.148,1,3,3,192.789,2009,204.40771,-2.192,"Punk"
"137",0.578658187757,0.302,0,4,11,120.796,1987,125.90975,-9.96,"Metal"
"138",0.603030144794,0.198,1,4,2,197.671,2003,208.32608,-6.067,"Blues"
"139",NA,0,1,3,4,274.187,2007,295.23546,-6.163,"Metal"
"140",NA,0,0,4,7,228.989,2008,228.98893,-3.257,"Rock"
"141",0.718485474655,0,1,4,7,191.872,2004,195.29098,-7.163,"Rock"
"142",0.492713639573,0.158,1,3,2,241.795,2007,253.67465,-7.442,"Rock"
"143",0.603024581456,15.488,1,4,7,245.133,2007,277.99465,-8.878,"Rock"
"144",0.618904418185,0,0,3,6,130.525,2004,136.98567,-5.654,"Rock"
"145",NA,0.098,1,3,2,224.804,1970,232.64608,-19.991,"Country"
"146",0.662826892744,3.355,0,4,6,207.128,2004,224.62649,-5.627,"Rap"
"147",0.215080318509,0.386,0,4,0,184.662,1995,194.61179,-7.683,"Jazz"
"148",0.553166753501,0,1,4,2,202.96,2004,217.10322,-5.75,"Rock"
"149",0.642859588607,0.154,1,4,11,208.132,2009,215.74485,-6.81,"Rock"
"150",NA,2.914,1,4,2,344.752,2008,351.32036,-7.168,"Electronic"
"151",NA,0.13,0,3,11,180.86,2002,196.62322,-14.301,"Country"
"152",0.649675061783,0,1,4,5,253.806,1996,259.76118,-10.175,"Pop"
"153",0.419125892959,0.09,0,4,6,229.622,0,242.15465,-3.38,"Rap"
"154",0.664286934327,0.189,1,4,7,191.947,1995,191.9473,-7.711,"Rock"
"155",0.215080318509,0.345,1,4,7,250.392,0,265.97832,-5.425,"Rock"
"156",0.405115721691,0,0,7,3,443.689,2007,443.68934,-6.465,"Metal"
"157",0.476435219643,0.346,1,4,3,241.993,2004,252.86485,-10.468,"Folk"
"158",0.382935090075,3.268,1,4,2,185.94,1977,194.97751,-9.769,"Rock"
"159",NA,2.763,1,4,8,198.583,2006,209.162,-7.078,"Rock"
"160",0.619305881115,0.183,1,5,5,229.198,0,238.41914,-7.404,"Rock"
"161",NA,0.385,0,4,2,154.305,2000,154.30485,-8.328,"Rap"
"162",0.776350976442,0,0,4,2,287.672,0,296.95955,-4.854,"Rock"
"163",0.928367113414,0.148,1,1,3,136.319,1962,145.162,-6.643,"RnB"
"164",NA,0.142,1,4,2,161.472,2004,166.29506,-6.467,"Rock"
"165",NA,15.018,1,4,0,299.619,0,313.70404,-12.679,"Rock"
"166",0.819642710906,0,1,3,6,177.046,2006,189.70077,-12.1,"Pop"
"167",0.459127718156,3.663,1,4,3,394.043,1999,399.882,-10.648,"Rock"
"168",0.563246899281,0.345,0,4,6,221.931,2001,225.48853,-4.947,"Pop"
"169",NA,2.926,0,3,0,194.769,2003,206.81098,-3.738,"Pop"
"170",0.266955186276,0.09,1,4,11,277.812,0,277.81179,-5.431,"Rock"
"171",0.590951393491,0.519,1,4,7,191.025,1995,200.75057,-11.448,"Rock"
"172",0.620923592524,0,1,4,5,75.9,2004,80.53506,-6.855,"Rap"
"173",NA,0.079,1,1,6,158.174,1968,168.01914,-11.803,"RnB"
"174",0.67569680729,0.13,1,4,0,298.969,1971,307.722,-8.392,"Rock"
"175",0.800849690884,7.297,0,4,4,198.177,0,201.03791,-4.65,"Rock"
"176",0.345802233965,0,1,4,0,171.508,1977,188.96934,-12.193,"Country"
"177",0.415049772316,0,1,1,2,335.333,1987,335.33342,-5.763,"Rock"
"178",0,0.166,1,4,2,348.775,2006,356.54485,-10.06,"Rock"
"179",0.437036204112,2.188,1,4,10,262.373,0,262.37342,-11.291,"Latin"
"180",0.71611447149,2.606,1,3,10,175.514,2009,180.13995,-4.422,"Rock"
"181",0.652878392476,0.171,1,1,7,136.638,1994,143.64689,-11.661,"Punk"
"182",0.474054830931,0.496,1,4,1,189.57,1997,189.57016,-3.492,"Metal"
"183",0.671756385802,0.27,1,4,2,203.395,2009,212.92363,-5.429,"Rock"
"184",0.3759843015,6.751,1,4,0,156.723,1996,165.40689,-12.987,"Rock"
"185",0.434838090261,0,1,5,0,167.729,1989,171.10159,-6.176,"Reggae"
"186",NA,0.293,1,1,3,189.219,1994,195.3171,-13.141,"Country"
"187",0.556160463714,0,0,4,11,222.275,2001,222.27546,-6.338,"Metal"
"188",0,3.791,1,3,4,161.773,0,168.48934,-10.38,"Country"
"189",NA,0.183,1,3,4,164.148,1964,172.72118,-7.343,"Rock"
"190",0.661061378127,0.067,1,4,0,167.445,2004,171.72853,-5.92,"Rap"
"191",NA,0,1,4,2,501.054,1991,501.05424,-8.508,"Rock"
"192",0.62676091689,0.38,1,3,0,514.049,1994,528.14322,-12.797,"Blues"
"193",0.918534291444,0.334,1,4,2,179.664,2010,196.20526,-7.045,"Rock"
"194",0.799499551073,0,1,4,4,211.656,2009,225.67138,-12.637,"Rock"
"195",0,0.125,1,7,1,227.552,0,227.5522,-5.355,"Reggae"
"196",0.549342331788,0.2,1,4,0,209.572,2003,216.92036,-8.238,"Pop"
"197",NA,2.218,1,1,10,71.21,1984,78.96771,-21.997,"RnB"
"198",0.427446571488,0.102,0,4,10,225.495,2007,233.42975,-6.209,"Pop"
"199",0.531722098421,0.403,1,4,9,153.925,1988,159.60771,-9.224,"Rock"
"200",0.494469709267,0.125,1,4,1,241.458,2006,254.51057,-4.952,"Rock"
"201",0.499664862131,0.104,1,5,10,219.649,2006,225.20118,-3.198,"Pop"
"202",NA,14.518,1,4,2,301.552,1999,323.7873,-6.994,"Rock"
"203",0.64995040848,0,1,4,7,267.476,2004,276.45342,-6.51,"Metal"
"204",0.718179790084,0.172,0,3,4,80.167,2005,82.85995,-19.368,"Rock"
"205",0.556739869246,0,1,4,10,167.277,2003,170.84036,-2.323,"Rock"
"206",NA,0.299,0,4,11,198.089,0,207.17669,-6.186,"Rock"
"207",0.656280958239,0,1,4,10,299.508,2007,317.36118,-4.061,"Rock"
"208",0.439654659707,5.317,1,4,10,218.506,1991,237.45261,-13.486,"Reggae"
"209",NA,0.397,1,1,5,268.301,0,271.22893,-10.913,"Blues"
"210",0.405115721691,0.214,1,4,2,143.941,0,149.18485,-7.848,"Rock"
"211",NA,0.49,1,4,9,391.872,2008,409.96526,-2.93,"Rock"
"212",0.566339489582,0,0,3,4,219.794,2006,233.66485,-11.104,"Rock"
"213",NA,0.188,0,4,6,243.287,2000,247.562,-6.57,"Rap"
"214",0.927112121976,2.519,1,4,1,223.266,2008,227.70893,-8.901,"Rock"
"215",0.228473729778,0.113,1,5,4,260.777,0,274.78159,-5.958,"Rap"
"216",0.434838090261,0.084,0,4,4,175.525,2006,184.00608,-2.895,"Rock"
"217",0.535106024898,7.007,0,1,1,196.545,2003,210.54649,-12.26,"Rock"
"218",0.715511707357,0,0,4,2,136.214,2009,140.40771,-4.459,"Rock"
"219",0.638646722896,0.119,1,4,8,211.598,2005,219.81995,-3.67,"Rock"
"220",0.553766592458,0,1,5,6,120.868,2000,120.86812,-6.72,"Rap"
"221",0.689572198519,2.322,1,4,9,217.641,2008,229.45914,-3.8,"Rock"
"222",0.813003555784,2.02,1,4,7,277.211,2000,289.30567,-2.973,"Rap"
"223",0.658202537014,0,1,4,4,141.56,2001,153.33832,-5.92,"Rock"
"224",NA,0,1,4,7,404.584,1996,404.58404,-8.087,"Rock"
"225",0.659300406054,0.531,1,4,4,219.458,1995,222.30159,-7.3,"Rock"
"226",NA,0.102,0,3,10,439.478,1994,441.96526,-6.962,"Electronic"
"227",0.386790177139,0.27,1,4,7,173.099,2005,184.55465,-8.7,"Pop"
"228",0.494489517502,0,0,7,10,253.301,2000,265.61261,-5.145,"Metal"
"229",0.629493247487,0.328,0,1,4,269.903,1993,273.78893,-10.27,"Latin"
"230",0.454192988218,0.357,1,4,8,258.664,1995,261.79873,-7.51,"Metal"
"231",NA,0.194,1,4,2,202.879,1998,210.07628,-8.522,"Rock"
"232",0.65152315657,0.142,1,4,7,197.277,0,204.25098,-5.145,"Rock"
"233",0.730009842997,5.358,0,4,5,250.955,1986,269.94893,-4.357,"Pop"
"234",0.667279494157,0.375,0,4,5,249.388,2003,260.20526,-6.259,"RnB"
"235",0.635164597961,0.078,1,4,9,146.588,2007,148.92363,-4.912,"Rock"
"236",0.631600818089,0.078,1,4,5,215.911,2001,228.62322,-4.739,"Rock"
"237",0.3759843015,0.108,1,5,3,287.794,0,291.13424,-12.446,"Jazz"
"238",0.581493637152,0.073,1,1,4,204.138,1981,217.96526,-10.011,"Rock"
"239",NA,0,1,4,1,195.889,2003,200.38485,-5.167,"Rap"
"240",NA,0,1,4,7,148.225,1983,151.37914,-12.581,"Country"
"241",0.604788515719,0.461,1,4,7,128.496,0,128.49587,-4.625,"Rock"
"242",0.405115721691,0.428,1,4,7,329.59,2000,340.50567,-13.807,"World"
"243",NA,0,1,4,11,508.969,0,508.96934,-4.277,"Rock"
"244",NA,0.421,1,4,9,191.402,1986,210.46812,-13.644,"Country"
"245",0.679686054744,0.177,1,5,2,341.769,2005,380.682,-7.736,"Rock"
"246",NA,0.259,1,4,4,136.661,2006,145.55383,-5.603,"Punk"
"247",0.42530424172,8.702,0,4,4,264.202,0,289.59302,-5.247,"Rock"
"248",0.548678055568,0.142,1,3,11,412.758,2005,419.68281,-6.407,"Metal"
"249",0.613045835768,2.554,1,5,0,216.874,0,244.74077,-12.121,"World"
"250",0.733549593663,3.512,1,4,0,278.558,0,289.2273,-5.676,"Rock"
"251",0.443291311905,0.427,0,3,4,476.7,2002,515.36934,-4.694,"Rock"
"252",NA,0.142,0,5,9,277.885,1983,313.70404,-14.361,"Rock"
"253",0.574693297085,0.177,1,4,9,262.844,1978,278.96118,-5.563,"Rock"
"254",0.674436803901,3.454,1,4,7,306.556,2009,316.96934,-7.896,"Rock"
"255",0.485122364102,0,1,5,6,266.437,1995,278.54322,-11.958,"Country"
"256",0.427446571488,0.286,1,4,7,142.646,1988,151.01342,-10.133,"Rock"
"257",0.514298331265,0.16,1,7,0,386.984,1999,391.02649,-7.078,"Metal"
"258",0.400039656955,0.247,1,4,7,238.782,1999,257.2273,-8.086,"Pop"
"259",0.542307526169,0,0,4,5,230.284,2002,235.04934,-9.642,"Rap"
"260",0.492713639573,0.085,1,3,0,178.033,1998,181.18485,-7.301,"Latin"
"261",0.215080318509,0.148,1,3,10,245.232,0,254.35383,-6.367,"Blues"
"262",0.720431538474,0,0,4,2,191.216,2007,203.91138,-3.237,"Rock"
"263",0.643478685608,0.113,0,4,9,165.605,2009,176.43057,-2.741,"Rock"
"264",NA,0.305,1,4,2,223.312,1999,231.73179,-6.378,"Rock"
"265",0.600471580614,0.061,0,4,2,166.429,2007,175.80363,-5.911,"Rock"
"266",0.407233014901,0,0,4,4,262.246,0,280.81587,-12.346,"Rock"
"267",NA,0.241,0,1,2,297.001,1967,309.52444,-18.581,"Jazz"
"268",0.572593044816,0,1,4,0,72.464,1991,84.63628,-18.7,"Rap"
"269",0.810263613156,0.322,1,4,2,258.305,2002,274.41587,-7.446,"Rock"
"270",0.574693297085,0,1,1,9,166.487,2001,171.59791,-4.029,"Metal"
"271",0.636635971004,2.734,0,4,6,293.245,1995,298.00444,-5.16,"Rap"
"272",0.598242154868,0,1,4,10,326.06,1997,332.93016,-8.416,"Rock"
"273",NA,2.258,1,4,1,74.449,1959,80.03873,-13.136,"Country"
"274",NA,0,1,3,10,274.408,0,283.66322,-7.589,"Rock"
"275",0.629212710065,0.136,1,4,2,212.579,2007,220.70812,-3.868,"Rock"
"276",NA,0.369,1,4,9,224.293,0,237.60934,-5.88,"Rock"
"277",NA,0,0,4,4,172.303,0,172.30322,-6.485,"Rock"
"278",0.645131437241,0.229,0,1,1,100.833,1999,104.93342,-5.625,"Rap"
"279",NA,0,1,7,4,164.368,1984,169.53424,-5.914,"Reggae"
"280",0.523166108211,3.291,1,4,7,216.213,2001,222.92853,-5.057,"World"
"281",0,1.221,1,4,9,246.044,0,254.58893,-16.261,"Country"
"282",0.640684030349,0,1,4,1,387.634,1989,398.44526,-9.244,"Rock"
"283",0.60455448492,0,1,1,2,127.477,2006,127.4771,-2.445,"Rock"
"284",0.621126117018,0.258,1,4,0,76.788,1997,79.93424,-22.214,"Rap"
"285",0.581987156689,0,0,4,6,225.303,2009,228.38812,-5.98,"Pop"
"286",0.613652202066,0.286,1,1,8,144.782,1995,149.36771,-12.625,"Rock"
"287",NA,0,1,4,9,207.569,2000,207.56853,-11.622,"Rock"
"288",0.386790177139,0.318,1,4,5,208.718,1989,219.76771,-16.205,"Rap"
"289",0.511424325686,0.334,0,4,10,218.25,2000,235.65016,-3.053,"Rock"
"290",0.471578247701,0,1,3,4,210.686,2006,219.89832,-3.926,"Rock"
"291",0.266955186276,0,0,5,9,313.934,1975,319.00689,-14.886,"Rock"
"292",NA,2.961,1,4,5,269.886,1988,283.24526,-6.951,"Rock"
"293",0.67307443495,2.038,1,4,2,151.005,2007,163.00363,-4.993,"Pop"
"294",0.590860298106,0.195,1,3,7,169.14,2003,180.03546,-8.537,"Rock"
"295",0.265861049211,0,1,4,4,261.149,0,265.58649,-8.723,"Jazz"
"296",0.627608602781,0.085,0,4,11,113.766,2005,119.7971,-5.535,"Rock"
"297",0.596300263968,0,0,3,2,150.988,0,159.76444,-10.012,"Metal"
"298",0.474054830931,0,1,4,1,237.583,0,237.58322,-2.664,"Rap"
"299",NA,0,0,4,9,185.939,2003,185.93914,-6.738,"Rock"
"300",0,0.165,1,4,8,212.103,2001,231.54893,-9.781,"Rock"
"301",0.272245680006,0.067,1,4,2,194.99,2008,200.35873,-4.793,"Rock"
"302",0.358534975922,0.177,1,1,5,182.793,1996,189.3873,-16.111,"Blues"
"303",NA,0.288,1,4,2,247.728,1992,257.25342,-4.925,"Pop"
"304",NA,0,1,4,6,196.499,2005,204.5122,-11.38,"Rap"
"305",0.419125892959,0.142,0,4,1,265.184,1994,283.89832,-7.275,"RnB"
"306",0.704098839005,0,1,4,2,248.581,1991,251.14077,-10.086,"Rap"
"307",0.565666582199,3.077,0,4,11,219.852,2007,225.27955,-6.205,"Rock"
"308",0.709909937453,17.09,1,4,1,459.337,2006,459.33669,-7.57,"Rock"
"309",0.9102250755,0.173,1,1,7,156.415,2003,168.82893,-6.538,"Rock"
"310",NA,0.45,1,4,1,183.089,1975,192.57424,-7.98,"Pop"
"311",0.601463139507,0.212,0,3,2,151.011,1992,163.13424,-9.429,"Rock"
"312",0.427446571488,0.334,0,4,4,121.574,2001,125.67465,-9.089,"Country"
"313",0.476435219643,0.444,1,4,7,294.963,1996,315.08853,-9.29,"Rock"
"314",0.543788272501,0,0,4,10,152.764,2006,161.51465,-5.095,"Rap"
"315",0.453713666693,0.322,0,4,0,181.725,0,195.70893,-4.222,"RnB"
"316",NA,2.014,0,4,10,229.883,2000,236.2771,-2.801,"Pop"
"317",0.503752061361,0,0,4,4,323.512,0,327.6273,-4.283,"Rock"
"318",0.79361366761,0.224,1,4,8,224.81,2002,245.02812,-4.675,"Rock"
"319",NA,0.473,0,4,5,373.696,2009,397.60934,-7.038,"Rap"
"320",0.518759897997,5.445,1,4,0,288.496,2008,300.01587,-5.663,"Metal"
"321",NA,0.148,1,4,3,228.27,2005,241.65832,-9.635,"RnB"
"322",0.52273326078,0.684,0,4,4,267.453,2005,273.00526,-6.728,"RnB"
"323",0.588922167556,0,0,4,4,553.332,1990,573.67465,-17.629,"New Age"
"324",0.682204661511,0,0,1,11,347.638,2004,352.49587,-5.827,"Metal"
"325",0.774004274306,2.264,0,4,1,231.329,2004,249.05098,-15.775,"Electronic"
"326",0.66249316082,1.468,1,4,7,165.309,1994,176.5873,-15.608,"Blues"
"327",0.445454525493,0.218,0,4,11,230.963,1978,247.95383,-17.664,"Rock"
"328",NA,0,1,3,2,188.5,1996,197.53751,-4.347,"Rock"
"329",NA,0.217,0,4,10,266.252,0,280.65914,-9.923,"RnB"
"330",0.668601100986,0.125,1,4,0,230.023,2005,235.98975,-8.298,"RnB"
"331",NA,0,0,4,4,242.155,2004,242.15465,-8.702,"Reggae"
"332",0.52549711888,0.218,1,4,3,249.255,2008,260.51873,-6.857,"Country"
"333",0.693996934081,0.078,1,1,2,259.297,2004,262.89587,-7.628,"Metal"
"334",0.531722098421,0,1,4,5,294.702,1992,320.44363,-11.415,"Rock"
"335",NA,0.345,1,4,4,141.038,1990,145.13587,-12.653,"Country"
"336",0.518759897997,0.305,0,4,0,145.131,0,154.74893,-9.059,"Country"
"337",0.591754160596,0.167,1,4,1,255.843,2003,255.84281,-7.532,"Rap"
"338",0.757471386613,0,0,4,8,362.162,1994,366.39302,-6.788,"Rap"
"339",NA,0.165,1,3,11,116.878,1994,121.73016,-12.744,"Country"
"340",0.467574948219,0.113,0,4,9,347.469,1999,366.28853,-13.018,"Pop"
"341",0.738814995862,0,1,4,7,203.372,1997,213.13261,-5.382,"Rock"
"342",0.661576691862,0,0,4,1,203.9,2005,215.82322,-4.176,"Rock"
"343",0.722844727957,3.553,0,4,1,249.678,2005,252.65587,-7.825,"Rock"
"344",NA,0,1,4,2,235.096,2002,237.66159,-4.651,"Blues"
"345",NA,0.311,0,5,1,181.685,1956,184.76363,-11.242,"World"
"346",0.499861286129,0.467,1,3,10,330.252,1997,341.68118,-7.422,"Metal"
"347",NA,0,1,4,9,283.074,1960,286.82404,-6.615,"Blues"
"348",0.558236959744,0,0,3,1,277.809,1990,285.3873,-10.181,"Rock"
"349",NA,0.356,1,3,7,226.035,0,231.18322,-8.029,"Pop"
"350",NA,0,0,4,9,233.111,1985,236.09424,-11.326,"World"
"351",0.265861049211,2.664,0,4,1,267.738,0,294.73914,-10.647,"Rock"
"352",0.509640965552,0.115,1,1,10,227.056,1986,229.8771,-9.406,"Rock"
"353",NA,2.026,1,4,7,179.095,1994,179.09506,-5.15,"Rock"
"354",0.682344754354,0.183,0,4,7,183.844,2009,192.44363,-4.43,"Country"
"355",0.859349894132,0.612,0,4,11,304.007,2004,312.08444,-8.775,"Electronic"
"356",0.367273415809,0.282,1,4,0,203.79,0,208.14322,-11.865,"Rock"
"357",0.640017318801,0,1,4,1,264.069,2006,277.02812,-6.425,"Rock"
"358",NA,1.465,1,4,9,201.288,1982,203.91138,-6.267,"Rock"
"359",0.630460452604,0.136,1,4,1,202.182,2008,222.01424,-5.278,"Country"
"360",0.503381236206,10.083,1,1,4,150.245,2008,156.55138,-8.038,"Rock"
"361",NA,0.223,1,4,10,224.386,2007,230.55628,-4.883,"RnB"
"362",NA,0.369,0,4,2,197.825,1975,197.82485,-11.292,"Rock"
"363",0.513517028537,0.45,1,5,1,178.498,0,188.94322,-5.322,"Rock"
"364",0.637311276401,0.101,1,4,5,292.49,1996,304.71791,-7.269,"Rock"
"365",0.513517028537,0.254,1,1,1,168.855,1989,168.85506,-9.515,"Reggae"
"366",0.647368816553,0.154,1,1,4,156.868,1989,163.26485,-12.778,"Rock"
"367",0.35897652644,0,1,3,2,210.285,1986,210.28526,-10.223,"Rock"
"368",NA,0,1,4,2,237.215,2003,246.85669,-4.544,"Rock"
"369",0.633254321694,0.386,1,4,7,174.266,1964,183.17016,-11.553,"Rock"
"370",0.498131589707,0,0,4,6,186.903,1994,197.25016,-12.472,"Pop"
"371",0.215080318509,0.38,1,4,11,167.457,0,182.33424,-9.068,"Country"
"372",NA,0,1,3,6,274.466,1989,281.33832,-8.762,"Rap"
"373",0.598989557981,0.322,0,4,0,263.216,1979,274.72934,-9.727,"Jazz"
"374",0.654734537237,0,1,4,1,119.983,2001,125.46567,-5.059,"Rock"
"375",NA,0.759,0,4,2,243.246,1979,253.12608,-10.744,"Latin"
"376",0.628217964579,2.241,0,7,7,220.555,2010,224.41751,-3.487,"Rock"
"377",0.545230293898,0.908,1,1,7,314.63,1998,317.12608,-6.748,"Rock"
"378",0.734513249706,0,0,4,0,237.587,1999,240.19546,-2.267,"Rock"
"379",0.546635488572,0.392,1,4,4,196.603,1996,208.32608,-7.852,"Folk"
"380",0.541551997893,3.373,1,4,4,201.932,2007,211.80036,-10.447,"Pop"
"381",0.636287224427,0,1,3,2,237.65,2005,251.16689,-10.512,"Folk"
"382",0.473346541109,0.131,1,1,2,199.094,2005,208.5873,-8.226,"RnB"
"383",NA,2.56,0,4,6,126.229,1996,131.81342,-11.011,"Country"
"384",0.599660357626,0.189,1,4,9,212.474,1992,215.82322,-9.767,"Rock"
"385",0.468181070918,3.907,1,4,9,255.28,1995,263.81016,-7.06,"Latin"
"386",0,1.007,1,1,1,162.737,0,171.2322,-3.326,"Rap"
"387",0.774014062267,0.438,1,3,8,208.086,2006,214.88281,-4.504,"Rock"
"388",NA,2.032,1,3,7,140.858,1995,148.40118,-9.38,"Country"
"389",0.250551719989,0,1,7,10,10.344,1993,10.34404,-32.742,"Pop"
"390",0.606763529872,0.194,1,4,2,234.707,2005,241.37098,-5.199,"Rock"
"391",NA,0.403,0,4,11,323.396,0,342.83057,-12.896,"Rock"
"392",0.858630458401,2.554,1,4,1,179.008,2006,187.03628,-4.183,"Rock"
"393",NA,0,1,1,0,130.444,1996,135.49669,-11.575,"Reggae"
"394",0.3759843015,0.603,1,4,0,246.718,0,260.75383,-7.329,"Rock"
"395",NA,0,0,4,8,228.635,1986,235.41506,-11.761,"Electronic"
"396",0.71528010558,0.38,1,4,2,141.375,1996,154.85342,-3.865,"Rock"
"397",0.304169503435,2.212,0,4,4,240.849,2003,255.65995,-12.924,"Pop"
"398",0.443291311905,0,1,4,9,144.004,2008,147.48689,-5.072,"Reggae"
"399",0.3759843015,0.345,1,4,2,187.699,2003,200.33261,-4.522,"Rock"
"400",0.42530424172,0.345,0,4,4,219.086,0,232.98567,-4.297,"Rock"
"401",0.585979766109,0.218,1,3,4,148.898,2003,162.37669,-11.528,"Country"
"402",0.825232994605,2.351,0,4,6,284.648,2001,293.66812,-5.21,"Rock"
"403",0.606807292841,1.1,1,4,10,212.886,0,221.88363,-9.612,"Country"
"404",0.608932946378,0,0,5,4,179.095,1992,179.09506,-5.439,"Punk"
"405",0.607036690746,0.293,1,4,2,236.199,1993,250.8273,-14.748,"Rock"
"406",0.443291311905,3.28,1,1,11,211.54,0,217.23383,-11.719,"Rock"
"407",0.65243665506,0.144,0,3,7,170.04,2006,183.64036,-12.055,"Latin"
"408",0.521659258048,3.053,1,4,1,194.508,2007,203.78077,-3.092,"Pop"
"409",0.800078985844,0,1,4,7,241.29,1976,260.62322,-12.502,"Rock"
"410",0.83828667467,0,0,7,9,324.493,2005,329.7171,-9.458,"Rock"
"411",0.945994679822,3.419,1,4,9,268.945,2009,284.1073,-5.519,"Blues"
"412",0.594679448915,2.595,1,4,6,187.428,0,187.42812,-8.821,"Rap"
"413",0.77952716829,0.361,1,1,1,85.269,1980,88.89424,-7.545,"Punk"
"414",NA,0.073,1,4,1,138.797,2004,141.13914,-4.526,"Rock"
"415",0.748960569733,0.15,1,4,1,167.538,2009,174.75873,-3.373,"Metal"
"416",0.804749693774,0.177,0,4,6,211.565,2001,211.56526,-1.81,"RnB"
"417",0.567656586768,0.183,1,4,5,251.826,2007,261.17179,-6.182,"Rock"
"418",0,0.57,1,1,0,114.619,1962,124.52526,-18.57,"Country"
"419",0.445454525493,0.229,1,4,2,233.221,1988,245.10649,-9.623,"Rock"
"420",0,0.479,1,4,7,266.652,0,278.7522,-9.399,"Jazz"
"421",NA,0.171,0,4,7,269.108,2001,282.61832,-3.834,"Rock"
"422",0.671040567909,0,1,4,0,185.835,1992,185.83465,-7.184,"Rap"
"423",NA,0.157,1,4,9,247.797,1989,247.7971,-15.059,"Rap"
"424",0.266955186276,3.582,0,3,6,338.274,1984,345.67791,-12.23,"RnB"
"425",0.434838090261,0.206,0,4,6,491.119,2000,506.27873,-11.59,"Electronic"
"426",0.709237885601,0,1,4,7,134.995,2002,143.882,-5.983,"Metal"
"427",NA,0,0,4,7,209.548,2009,221.6224,-5.176,"Rock"
"428",0.667506138835,2.728,1,4,11,329.63,2001,335.17669,-9.322,"Pop"
"429",0.607908632984,0,1,1,7,285.478,2005,295.07873,-7.272,"Pop"
"430",0.804318945514,0,1,4,7,274.651,1999,274.65098,-4.203,"Rock"
"431",NA,0,1,1,5,32.418,1999,32.41751,-14.434,"RnB"
"432",NA,0,1,4,9,255.46,1991,263.94077,-17.855,"Pop"
"433",0.215080318509,2.815,0,4,2,249.469,1999,249.46893,-5.547,"Electronic"
"434",NA,0.376,1,1,1,122.079,1994,129.48853,-11.504,"Rock"
"435",NA,0.166,1,4,1,261.387,1996,274.57261,-7.722,"Pop"
"436",0.678161108942,0,0,4,9,223.921,1988,223.92118,-7.457,"Blues"
"437",0.557880388907,0.345,1,4,9,274.286,2005,279.71873,-5.071,"Rock"
"438",0.599715015226,0,0,1,6,163.811,1998,175.25506,-2.255,"Punk"
"439",0.529730607229,0,1,4,11,181.289,2007,181.28934,-4.186,"Rap"
"440",0.531983193341,3.698,1,4,8,207.946,1987,225.4624,-12.585,"Pop"
"441",0.471578247701,0,0,4,6,205.74,1993,216.65914,-12.274,"Rap"
"442",0.906077741483,0,0,3,6,380.421,2003,380.42077,-3.183,"Rock"
"443",NA,0,1,4,11,236.298,1994,245.7073,-8.127,"Rap"
"444",NA,0,0,5,4,262.896,2008,262.89587,-4.656,"Pop"
"445",0.503381236206,0.147,1,4,7,159.73,1980,173.92281,-20.055,"Rock"
"446",NA,0.196,1,4,9,266.095,2002,269.81832,-11.136,"Rap"
"447",NA,0,1,4,7,332.632,1992,351.34649,-12.492,"Rap"
"448",0.683373248366,2.415,1,4,4,212.822,2007,220.36853,-4.58,"Pop"
"449",0.560091603264,0.659,1,4,4,182.596,0,197.11955,-8.736,"Pop"
"450",0.460541281359,0,0,1,7,224.862,2003,224.86159,-5.559,"Metal"
"451",0.301681756732,0.247,1,3,1,158.163,1998,166.24281,-10.915,"Country"
"452",0.771888914156,0.061,0,3,9,179.682,2004,193.43628,-5.325,"Rock"
"453",0.619305881115,0.128,1,4,3,233.929,2004,262.89587,-16.764,"Folk"
"454",0.542898743291,0.32,1,3,2,373.441,1992,380.86485,-19.164,"Rock"
"455",0.407233014901,0.23,1,1,8,204.376,1991,217.93914,-14.241,"Reggae"
"456",NA,0,0,4,3,214.639,2009,218.46159,-3.936,"Pop"
"457",0.63541785633,0,1,4,4,237.946,2003,240.40444,-4.008,"Rock"
"458",0.595478748247,0.322,1,7,7,149.537,2001,161.85424,-4.665,"Electronic"
"459",NA,0,1,4,6,253.376,2007,287.50322,-6.748,"Rap"
"460",NA,0,1,1,10,191.269,2007,201.79546,-28.197,"Blues"
"461",0.767074842231,0.328,1,4,3,152.685,2000,152.68526,-4.048,"Punk"
"462",0.532482707508,0.119,0,4,7,205.247,0,210.85995,-6.676,"Rock"
"463",0.355139302203,0,1,4,10,91.696,2004,103.52281,-7.403,"Rock"
"464",0.713749944248,0.202,1,3,0,239.409,1993,246.93506,-11.253,"Rock"
"465",NA,0.073,1,4,2,131.628,1966,138.70975,-10.222,"Rock"
"466",0.646042270682,0,1,4,7,192.575,2008,197.25016,-5.071,"Metal"
"467",0.644220077682,0,1,4,9,174.022,2004,182.282,-4.8,"Rock"
"468",NA,2.432,1,4,2,215.522,0,224.91383,-7.055,"Reggae"
"469",0.708486718841,3.448,0,4,6,180.297,2007,184.24118,-3.337,"Rock"
"470",0.550008360119,0,0,4,10,293.03,2009,305.55383,-6.628,"Electronic"
"471",0.597108796073,0,1,4,2,480.885,2009,488.41098,-5.461,"Metal"
"472",0.360370582712,0.206,0,4,2,227.817,2004,232.64608,-7.111,"Rock"
"473",0.737927651707,0.195,1,1,2,129.968,1981,133.27628,-9.742,"Punk"
"474",NA,0.363,0,1,7,160.073,1989,181.39383,-11.199,"Rap"
"475",0.680554011009,0.085,0,4,2,274.321,2000,283.19302,-8.342,"Rock"
"476",NA,0,1,4,0,275.121,1998,275.12118,-7.852,"Electronic"
"477",0.503381236206,0.256,1,4,2,194.096,2003,210.33751,-5.849,"Country"
"478",0.772906696336,0.09,1,4,4,271.139,1989,292.85832,-7.866,"Metal"
"479",0.792042602646,0.073,1,3,10,215.708,2005,234.73587,-10.807,"Rock"
"480",NA,0.136,0,1,1,242.231,1996,250.69669,-10.504,"Rock"
"481",0.645982703584,0.305,0,4,6,241.458,2004,251.03628,-5.403,"Rock"
"482",NA,0,0,5,6,401.125,1998,409.99138,-7.936,"Latin"
"483",0.600220639864,0.258,1,4,9,288.897,1980,308.50567,-5.49,"Punk"
"484",NA,0.125,1,5,1,225.605,2002,229.40689,-5.117,"Rock"
"485",0.599710295639,0,1,4,10,272.225,1987,283.61098,-11.691,"World"
"486",0.51596363072,0,0,4,11,162.093,2007,171.93751,-3.324,"Rock"
"487",0.632080937499,0,1,1,2,240.457,0,240.45669,-8.471,"Rock"
"488",0.379523324422,0.348,1,3,7,203.552,0,210.96444,-13.765,"RnB"
"489",NA,0,1,4,8,204.841,2007,210.85995,-3.362,"Reggae"
"490",0.649398113037,0.136,0,4,0,337.711,2009,377.75628,-6.317,"Rock"
"491",NA,0.178,1,4,0,219.208,1993,227.082,-10.252,"RnB"
"492",0.334706549069,2.902,1,4,7,221.855,1998,230.05995,-7.837,"Rock"
"493",0.546635488572,0.165,0,4,11,190.758,1999,195.83955,-12.359,"Latin"
"494",NA,3.024,1,4,7,216.973,1980,233.45587,-13.425,"Rock"
"495",NA,0.288,1,4,7,175.502,0,193.54077,-10.691,"Country"
"496",NA,0.311,0,4,2,271.813,2003,277.81179,-8.704,"Electronic"
"497",0.437036204112,0.287,1,4,0,236.443,1992,250.33098,-9.352,"Country"
"498",0.485122364102,0,1,4,7,150.419,2002,167.44444,-2.885,"Punk"
"499",0.676918518104,6.316,1,4,8,339.22,2009,341.2371,-2.735,"Metal"
"500",NA,0.235,0,4,9,166.481,2004,170.50077,-9.122,"Electronic"
"501",0.7626468153,0,0,5,1,207.986,1999,207.98649,-7.804,"Rap"
"502",0.751436617305,0.316,0,4,2,283.655,1980,299.78077,-11.514,"Rock"
"503",0.2622647419,0.163,1,5,7,176.93,2002,188.18567,-10.096,"Rock"
"504",NA,0.218,1,3,3,13.583,1999,13.58322,-24.997,"Rap"
"505",0.550326336193,0.078,0,4,11,226.151,2007,236.35546,-5.628,"Rock"
"506",0.741913731765,0.131,1,4,2,233.674,2006,238.05342,-3.492,"Rock"
"507",NA,2.119,1,1,2,155.318,1990,157.6224,-9.609,"Rock"
"508",0.71349237053,0,1,4,7,254.938,0,263.36608,-6.578,"Rock"
"509",0.590557401357,0.136,1,1,5,146.228,1970,149.96853,-2.969,"Rock"
"510",0.627929999534,0,0,4,11,203.79,2009,210.59873,-4.289,"Rock"
"511",0.450992311636,0.461,0,4,9,272.692,2003,272.69179,-5.028,"Metal"
"512",0.468997787645,0.2,1,4,9,150.419,2005,165.61587,-5.094,"Rock"
"513",0.400039656955,2.322,1,4,4,249.446,2004,263.49669,-8.163,"Country"
"514",0.865831828681,0.117,1,4,5,342.152,2006,351.84281,-12.749,"Country"
"515",0.427446571488,8.208,1,4,2,260.151,1986,268.40771,-2.339,"Metal"
"516",0.634538103814,5.492,0,4,10,216.99,2004,228.85832,-6.642,"Electronic"
"517",0.55110953758,0.194,1,4,11,146.727,2007,158.51057,-6.172,"Rock"
"518",NA,0,1,1,7,282.61,1977,294.24281,-8.782,"Country"
"519",0.515132468621,0.16,0,4,7,167.155,0,175.72526,-6.612,"Country"
"520",0.551921514942,0.193,0,4,5,299.259,1982,316.39465,-11.763,"Rock"
"521",NA,2.572,1,4,2,155.429,1985,159.65995,-5.612,"Punk"
"522",0.733956330552,0.228,1,4,8,112.205,2008,119.7971,-5.261,"Rock"
"523",0.62749485367,0,1,4,7,303.531,1998,311.30077,-6.791,"Rap"
"524",0.4830645596,0,1,3,3,208.922,2007,213.13261,-14.254,"Rap"
"525",0.544514001879,0.073,1,4,0,203.395,2004,206.94159,-3.568,"Metal"
"526",NA,0.206,1,1,2,223.893,2004,232.48934,-11.199,"Rock"
"527",0.667506138835,0.444,1,4,2,247.188,1995,252.83873,-6.575,"Rock"
"528",0.473346541109,0,1,4,2,202.739,2005,213.34159,-5.972,"Rock"
"529",0.427446571488,0.121,0,3,6,264.104,2008,269.63546,-8.425,"Pop"
"530",NA,0,1,4,2,276.457,1998,289.25342,-6.407,"Rap"
"531",NA,0.345,1,3,5,178.875,1953,183.06567,-13.164,"Blues"
"532",0.609399102346,0.078,1,4,5,248.842,1999,264.64608,-7.101,"Rap"
"533",0.59575405426,0.571,0,4,11,203.976,2008,217.28608,-4.35,"Country"
"534",NA,2.287,1,5,5,233.117,1988,247.11791,-8.016,"Pop"
"535",0.733916707048,0,0,5,11,224.438,2005,233.92608,-4.148,"Rap"
"536",0.513219141628,0,0,4,6,245.476,1997,258.19383,-6.062,"Rap"
"537",0.454192988218,0.242,1,1,9,85.931,2001,88.73751,-4.404,"Punk"
"538",0.502211220551,0.142,1,1,0,248.053,1994,251.76771,-6.131,"Jazz"
"539",0.304169503435,0.165,1,3,11,167.706,2000,175.01995,-11.727,"Country"
"540",0.737615569884,0.259,0,4,11,252.395,2008,264.82893,-6.892,"Rock"
"541",0.561428517629,0.155,1,4,2,233.523,2004,242.65098,-7.811,"Pop"
"542",0.685274901698,0.092,1,1,9,217.536,1983,219.76771,-24.308,"Rock"
"543",0.769733162276,0.386,1,4,1,113.505,1996,118.9873,-10.817,"Rap"
"544",0.473346541109,0,1,4,10,186.59,0,191.73832,-11.761,"Pop"
"545",0.66249316082,2.728,0,4,8,232.885,2006,245.10649,-4.654,"Rock"
"546",0.630325326733,0,1,4,1,109.389,2003,115.53914,-3.116,"Punk"
"547",NA,0,0,4,6,343.133,2004,360.75057,-3.134,"Metal"
"548",0.654651727741,0.699,1,4,4,203.14,1994,211.35628,-4.659,"Rock"
"549",0.852088917766,0.984,1,7,7,208.672,2008,219.24526,-11.451,"Electronic"
"550",0.565451012174,0.27,1,4,7,206.396,1988,216.39791,-10.81,"Rock"
"551",0.624746110519,0,1,4,6,450.694,0,479.45098,-10.258,"Rock"
"552",0.696230192727,2.583,0,4,2,371.032,2008,389.95546,-4.757,"Metal"
"553",0.864141653965,0.223,0,4,10,221.414,2001,236.53832,-5.832,"Rock"
"554",0.584437155941,0.371,1,4,6,175.955,1995,184.39791,-16.358,"Rock"
"555",NA,0.369,1,1,4,99.84,1987,109.71383,-12.808,"Country"
"556",0.623448448822,0,1,7,6,244.453,2005,244.45342,-12.518,"RnB"
"557",0.564258739337,0,1,7,7,192.737,2002,196.93669,-10.187,"RnB"
"558",0.47309773046,0,1,4,4,192.13,1981,192.13016,-7.167,"Rock"
"559",NA,0,1,3,8,208.44,2005,212.11383,-4.829,"Rock"
"560",NA,0.362,0,4,5,237.111,0,242.07628,-7.097,"Reggae"
"561",0.636381565007,4.661,1,4,7,172.089,2006,182.80444,-6.825,"Blues"
"562",NA,2.682,1,4,5,244.535,2001,247.77098,-3.756,"Pop"
"563",0.603024581456,0,1,4,7,184.726,2000,195.00363,-11.41,"Latin"
"564",0.836930121956,0.136,1,5,4,318.996,2006,328.72444,-5.711,"Rock"
"565",NA,0,1,4,6,185.234,1988,185.23383,-4.92,"Rap"
"566",0.450762241641,2.113,1,3,8,208.155,0,213.41995,-6.04,"Latin"
"567",0.686941709202,3.338,1,4,5,293.645,2005,313.10322,-12.584,"Rock"
"568",0.673122307623,0.462,0,4,11,239.009,1988,259.60444,-14.109,"Rock"
"569",NA,0.191,0,4,11,300.391,1982,311.19628,-9.507,"Rock"
"570",0.606807292841,0.316,0,3,9,51.304,2002,56.13669,-15.339,"Rap"
"571",0.70631747339,0.607,1,1,2,187.548,1999,201.16853,-7.279,"Country"
"572",NA,0,0,4,0,224.096,0,234.1873,-4.619,"Rock"
"573",0.407901717218,0.38,1,3,0,203.378,0,207.93424,-5.628,"Country"
"574",0.367273415809,0.241,1,4,8,249.498,0,262.50404,-6.808,"Rock"
"575",NA,0,1,4,0,296.124,1976,296.12363,-9.045,"Rock"
"576",0.584094133445,0.328,0,4,7,198.583,1994,220.31628,-10.291,"Rock"
"577",NA,0.21,0,4,9,227.997,1990,235.31057,-8.025,"Pop"
"578",0.687311639549,0.183,1,4,2,251.606,2002,270.47138,-2.512,"Rock"
"579",0.527818136556,0.235,0,5,9,255.286,1995,264.88118,-5.225,"Metal"
"580",NA,0.177,1,1,11,155.905,1961,168.95955,-5.176,"Country"
"581",NA,0,0,4,5,253.608,2000,260.04853,-8.209,"Rock"
"582",NA,4.133,1,3,5,294.272,0,301.13914,-13.651,"Rock"
"583",0.304169503435,0,1,1,0,146.187,1983,160.62649,-15.6,"Blues"
"584",NA,2.119,0,3,7,311.693,1969,315.92444,-10.381,"Blues"
"585",0.35897652644,0.148,0,4,0,180.849,2005,192.10404,-11.551,"Pop"
"586",NA,2.188,1,4,10,254.729,1984,263.6273,-15.182,"Latin"
"587",0.610174540477,0,1,4,8,200.911,2007,208.56118,-5.05,"Rock"
"588",NA,30.575,1,3,5,247.403,1999,257.85424,-3.115,"Punk"
"589",NA,0,1,4,2,298.446,0,303.22893,-6.272,"Electronic"
"590",0.25576510102,0.271,1,1,9,269.276,1971,279.84934,-8.026,"Rock"
"591",0.50798355216,0.17,1,4,4,310.34,1999,313.75628,-5.646,"Rock"
"592",0.445454525493,0,1,4,1,272.033,0,280.89424,-6.305,"Rock"
"593",0.554793211769,0,1,1,9,49.911,2003,52.11383,-4.271,"Rock"
"594",NA,0.096,0,4,11,205.139,2006,205.13914,-3.094,"Rap"
"595",0.535953801666,0,1,4,0,272.167,1997,280.97261,-4.167,"Metal"
"596",0.473346541109,0.101,1,4,10,183.275,0,183.27465,-3.177,"Rock"
"597",0.815550860553,0.148,1,4,1,215.04,1996,226.92526,-9.67,"Rock"
"598",0.427446571488,4.505,1,4,8,257.747,2001,260.93669,-6.121,"Rock"
"599",NA,0,1,4,1,213.603,2005,213.60281,-10.606,"Rap"
"600",0.799547839006,0,0,3,9,261.637,2004,277.89016,-7.319,"Rock"
"601",NA,0.325,1,3,2,265.903,1996,277.39383,-14.15,"Folk"
"602",NA,0.253,1,4,0,205.798,1998,214.12526,-10.65,"Pop"
"603",0.611050049949,0,1,4,2,303.659,1999,321.48853,-4.146,"Metal"
"604",NA,0.218,1,4,5,190.902,2006,190.9024,-4.531,"Rock"
"605",NA,3.257,1,4,0,311.136,1995,316.76036,-8.724,"Pop"
"606",0.724133953204,0,1,4,9,276.764,2003,280.00608,-5.342,"Rock"
"607",0.578755678083,2.206,1,4,9,156.415,1974,162.29832,-10.06,"Country"
"608",0.825656099843,0.177,1,4,0,204.074,0,211.12118,-5.646,"Rock"
"609",NA,2.241,1,1,2,218.552,1999,227.39546,-8.811,"Rock"
"610",0.759068343301,0.086,1,5,2,116.686,1982,130.63791,-13.143,"Punk"
"611",0.469873000954,0.409,1,4,0,219.208,1998,229.0673,-6.947,"Latin"
"612",0.54413356946,0,0,4,6,163.813,2002,163.81342,-4.563,"Metal"
"613",0.443291311905,0,1,4,2,293.21,0,315.16689,-13.097,"Rock"
"614",0.4830645596,4.812,1,4,11,265.346,1996,274.78159,-9.061,"Rock"
"615",NA,0,1,1,9,187.663,2001,187.66322,-5.794,"Rock"
"616",0.813129444041,2.107,1,4,2,124.72,2005,128.41751,-7.766,"Rock"
"617",NA,0,0,4,9,124.395,1999,124.39465,-4.861,"Rock"
"618",0.392008771471,4.307,1,3,5,150.013,1969,152.76363,-9.774,"Pop"
"619",0.482137585065,0.183,1,4,8,196.737,2004,210.07628,-5.061,"Rock"
"620",0.443291311905,0.083,1,4,0,272.341,1989,290.11546,-12.798,"Folk"
"621",NA,1.232,1,1,2,192.18,1997,204.93016,-6.971,"Punk"
"622",0.474147940978,0,0,3,2,361.247,1994,361.24689,-8.294,"Metal"
"623",NA,0.154,1,4,0,162.36,1976,175.20281,-12.551,"Country"
"624",0.523759151701,0.413,0,4,6,289.808,2010,292.91057,-9.11,"Blues"
"625",0.635536648623,3.855,1,4,5,174.225,0,188.89098,-6.969,"RnB"
"626",0.365143804145,0,0,4,1,223.086,0,229.69424,-6.525,"Pop"
"627",0.253834736132,0.183,1,4,4,245.499,1997,261.35465,-6.653,"Reggae"
"628",0.549998637169,0,0,5,1,226.975,2001,231.60118,-10.067,"Rap"
"629",NA,0.264,0,4,8,216.549,1999,226.37669,-15.448,"Blues"
"630",0.215080318509,2.119,1,1,1,52.547,0,57.44281,-21.488,"Rock"
"631",NA,0,0,4,3,176.721,2006,181.57669,-3.696,"Rock"
"632",NA,0.281,1,7,7,279.998,0,293.27628,-8.756,"World"
"633",0.511424325686,2.339,0,4,9,478.215,1999,486.97424,-7.655,"Rock"
"634",0.645578915967,1.071,0,4,10,211.348,1999,230.05995,-4.134,"Rock"
"635",0.816897459555,0.27,1,5,3,464.242,2002,472.39791,-6.736,"Rock"
"636",NA,0.38,1,7,7,215.203,2005,231.18322,-4.547,"Rap"
"637",0.516396407073,0,1,4,9,242.985,2007,247.24853,-5.603,"Pop"
"638",0.637828866182,0,1,1,7,243.635,2009,250.8273,-4.535,"Rock"
"639",0.638658133736,0,1,7,2,227.915,2009,241.162,-5.056,"Rock"
"640",0.670827219601,0,1,4,1,263.053,0,263.05261,-6.502,"Pop"
"641",0.427446571488,0,1,4,7,341.188,1993,356.25751,-11.893,"Blues"
"642",0.652359289191,0.196,1,4,11,83.069,1997,85.9424,-5.542,"Rock"
"643",0.538422402971,0.078,1,1,9,225.216,0,241.08363,-8.021,"Rock"
"644",0.596840703553,0.107,0,4,5,136.615,1981,154.93179,-15.433,"Pop"
"645",NA,0.45,1,4,5,183.664,1973,199.96689,-20.172,"Rock"
"646",NA,0.067,1,4,1,271.157,1985,281.05098,-9.882,"Blues"
"647",0.636635971004,0.103,0,4,4,231.253,2009,240.79628,-5.353,"Rock"
"648",0.570105930058,0,1,3,5,300.141,1975,316.81261,-12.936,"Rock"
"649",0.696217140369,0,0,4,11,276.376,1989,288.02567,-5.729,"Rock"
"650",0.676769509229,3.785,1,4,8,340.776,0,355.5522,-7.894,"Rock"
"651",NA,0.188,1,4,11,81.995,1982,89.23383,-8.867,"Punk"
"652",NA,0.316,1,4,1,147.435,1977,150.59546,-8.812,"Rock"
"653",NA,0.258,0,4,7,213.821,0,232.64608,-6.349,"Country"
"654",0.652878392476,0.072,1,4,9,249.574,2002,264.41098,-5.011,"Rock"
"655",NA,0,1,3,2,136.678,1959,140.38159,-13.338,"Country"
"656",NA,0.531,1,4,2,231.758,1998,231.75791,-7.174,"Latin"
"657",0.882530151633,0,0,4,4,373.847,2006,384.67873,-14.199,"Rock"
"658",NA,0.066,1,5,7,217.757,0,221.09995,-5.781,"Reggae"
"659",NA,0,1,4,0,235.258,1998,235.25832,-9.407,"Rock"
"660",0.594359365763,0,0,4,4,85.664,2007,92.76036,-6.769,"Metal"
"661",NA,0,1,5,1,461.41,2009,465.47546,-6.278,"Pop"
"662",0.618352388624,0.321,0,4,7,184.866,1997,190.06649,-14.023,"Blues"
"663",NA,0.328,1,4,1,303.827,1986,311.27465,-4.857,"Rock"
"664",0.536788886441,0.165,1,3,9,282.517,2005,286.58893,-4.627,"Metal"
"665",0.687873714973,0.113,0,4,0,280.88,2004,283.48036,-4.076,"Metal"
"666",0.872229022609,3.245,1,4,4,200.969,2000,208.95302,-6.052,"Rock"
"667",0.706000516797,0.14,1,4,1,267.952,2006,274.85995,-6.696,"Rap"
"668",NA,0,0,4,9,284.729,1968,291.29098,-12.065,"Rock"
"669",0.735346456486,0,1,1,8,166.934,2002,169.63873,-5.176,"Rock"
"670",0.702551585005,0,1,1,4,248.9,1975,257.61914,-13.776,"Rock"
"671",0.589207725576,0.218,1,4,9,110.748,1966,121.73016,-7.124,"Rock"
"672",0.715894796359,0.229,1,4,2,274.872,2001,285.46567,-5.067,"Metal"
"673",0.693961617248,0,1,1,8,446.74,1989,449.74975,-8.239,"Blues"
"674",0.60386047091,0.096,0,4,10,155.597,2009,171.59791,-5.829,"Punk"
"675",0.587748265087,5.822,1,4,11,185.4,0,197.09342,-6.45,"RnB"
"676",0.733541055704,0,0,3,9,199.082,1994,212.16608,-10.562,"Rock"
"677",0.909277347129,0.197,1,4,7,226.783,2009,240.22159,-9.736,"RnB"
"678",0.360370582712,4.081,0,3,11,228.299,1999,240.01261,-8.325,"Electronic"
"679",0.583566125656,0.27,1,7,2,142.362,2009,151.58812,-10.338,"RnB"
"680",0.215080318509,0.107,1,4,7,199.843,0,207.12444,-10.006,"Reggae"
"681",0.548678055568,0,0,4,4,203.413,2006,212.89751,-5.038,"Rock"
"682",NA,0,0,4,2,201.607,2006,205.06077,-2.912,"Rock"
"683",0.604963399551,0,1,4,9,245.557,2006,251.66322,-4.576,"Rock"
"684",NA,0.599,1,4,0,83.121,2006,83.12118,-1.674,"Punk"
"685",0.675582692033,1.035,0,1,11,298.806,1992,307.61751,-8.252,"Reggae"
"686",0.454192988218,2.397,1,4,4,212.294,0,222.79791,-15.646,"Rock"
"687",NA,0.874,1,4,2,226.853,2001,246.20363,-4.821,"Pop"
"688",0.524079322846,0.195,1,4,7,221.246,2006,236.45995,-6.288,"Pop"
"689",0.732203716147,0.243,1,5,0,266.739,2006,276.68853,-5.098,"Rock"
"690",NA,0.633,0,4,10,220.786,2004,220.78649,-7.209,"Latin"
"691",0.468997787645,0,1,4,0,278.251,2008,283.16689,-13.852,"Rock"
"692",0.454042766091,0.345,0,4,11,275.156,2005,285.04771,-5.367,"Rock"
"693",0.66841936937,0.16,1,4,2,234.365,2000,249.62567,-4.673,"Rock"
"694",0.51310641766,0.403,0,4,10,129.387,1998,134.05995,-6.376,"Folk"
"695",0.487112194863,0.351,1,1,9,200.371,1992,211.33016,-9.944,"Rock"
"696",NA,0,1,4,7,109.009,1999,109.00853,-3.904,"Punk"
"697",0.471971171794,0.705,1,4,2,231.253,1992,234.60526,-8.339,"Rock"
"698",0.82240288516,0.215,1,4,4,211.325,2010,214.72608,-4.38,"Pop"
"699",NA,0.311,1,4,1,522.466,2005,527.98649,-8.361,"Rock"
"700",0.74643267913,0.334,1,1,4,58.903,1980,63.52934,-8.562,"Punk"
"701",NA,0,0,4,1,301.97,2008,312.842,-5.968,"Rock"
"702",0.511424325686,0,1,1,2,148.468,2006,153.25995,-2.648,"Rock"
"703",0.592054387541,0.264,0,7,4,257.55,2008,272.14322,-13.959,"Rock"
"704",NA,0.398,1,4,4,183.298,1970,188.02893,-12.169,"Country"
"705",0.682353617616,0,0,3,11,531.429,1995,540.42077,-6.676,"Rock"
"706",0.504034340805,0,1,1,11,149.966,1987,156.682,-13.229,"Rock"
"707",0.756267390366,0,1,4,8,218.674,2009,228.44036,-10.571,"Rock"
"708",0.693947934491,0,0,0,2,749.639,2009,759.09179,-7.192,"Rock"
"709",0.710631125447,0.334,1,4,8,245.104,2007,255.76444,-9.81,"Pop"
"710",0.566707641676,0.276,1,3,9,202.211,0,222.53669,-11.284,"Rock"
"711",NA,0,0,4,8,205.061,1997,205.06077,-6.203,"Latin"
"712",0.484562529968,0.2,1,4,2,251.669,1999,255.39873,-5.635,"Pop"
"713",NA,0,1,4,3,179.989,2009,187.24526,-8.295,"Pop"
"714",NA,0,1,3,0,118.457,1989,125.1522,-12.818,"Country"
"715",0.425900191277,0,1,4,9,203.198,1968,214.96118,-10.736,"Country"
"716",0.567389736802,0,1,4,7,317.748,2004,322.55955,-4.516,"Metal"
"717",NA,4.667,1,4,9,172.455,1980,181.15873,-14.343,"Rock"
"718",0.733990878524,3.785,1,4,6,215.348,2003,225.61914,-8.843,"Rock"
"719",0.74616091291,0,0,4,11,171.021,2007,181.13261,-6.391,"Rock"
"720",NA,1.199,1,4,5,244.976,2001,263.20934,-8.147,"RnB"
"721",NA,0,1,4,6,266.217,2002,270.62812,-17.864,"Country"
"722",0.588922167556,0.548,0,4,2,223.359,0,235.04934,-10.562,"Folk"
"723",0.506905064197,0,1,4,7,187.548,0,190.69342,-6.371,"Pop"
"724",NA,0.241,1,4,9,142.211,0,146.88608,-12.495,"Country"
"725",0.555574792226,0.827,0,3,4,294.522,2006,306.18077,-4.118,"Rock"
"726",0.707655106064,0.142,0,4,10,229.535,2005,242.33751,-5.808,"Punk"
"727",NA,0.461,1,1,8,204.98,1973,217.96526,-8.486,"Pop"
"728",NA,0.148,0,4,5,142.089,2006,151.82322,-4.031,"Rock"
"729",NA,0,0,4,5,382.154,2001,395.83302,-5.538,"Rock"
"730",0.513189736126,2.775,0,4,9,230.197,0,245.34159,-9.044,"Latin"
"731",0.454192988218,3.698,1,4,0,221.373,2005,246.09914,-9.695,"Country"
"732",0.576860140605,0.299,1,4,1,198.153,2008,200.25424,-4.825,"Rap"
"733",0.672836060763,0.06,0,4,8,263.413,2010,281.23383,-6.991,"Rock"
"734",0.379523324422,0.096,1,4,8,206.692,2004,212.71465,-4.336,"Pop"
"735",0.563755208391,0.154,0,4,6,202.838,1981,205.50485,-16.619,"Rock"
"736",NA,0.383,1,4,2,191.826,1996,209.08363,-7.56,"Country"
"737",0.563755208391,0.525,1,4,0,315.588,1988,322.97751,-13.865,"Rock"
"738",0.760299382868,0,1,4,9,234.371,2005,249.28608,-10.414,"Rock"
"739",NA,0,1,1,3,1.044,2005,1.04444,-23.555,"Pop"
"740",0.47872628848,2.577,0,4,4,193.44,2007,205.45261,-6.692,"Pop"
"741",0.569178686445,2.937,1,4,0,391.488,2006,399.82975,-7.715,"Rock"
"742",0.541105826902,0,1,4,6,238.748,2003,246.33424,-5.268,"Rap"
"743",NA,0,1,4,9,249.667,2009,252.21179,-3.708,"Rock"
"744",0.751580890905,0.898,1,4,0,189.068,1984,191.99955,-11.516,"Rock"
"745",0.619267701983,0,1,4,2,273.862,2007,278.93506,-5.73,"Metal"
"746",0.394394856101,1.309,1,4,11,181.737,1995,186.40934,-12.967,"Blues"
"747",0.730674067539,0.382,1,4,2,267.384,1992,283.03628,-7.535,"Blues"
"748",0.614576981682,0.102,0,4,4,153.652,1978,159.89506,-11.704,"Rock"
"749",0.564513411579,0,1,4,3,286.418,2006,292.41424,-5.377,"Rock"
"750",0.285429881701,0.226,1,4,10,212.434,0,220.52526,-8.365,"Rock"
"751",NA,2.659,0,1,11,281.49,1993,289.09669,-4.62,"Rock"
"752",0.814431711708,0,1,5,10,157.907,2005,160.96608,-8.317,"Rock"
"753",NA,0,1,5,1,246.77,2000,256.62649,-9.071,"Folk"
"754",NA,0,0,4,8,198.978,1988,208.32608,-8.078,"Rap"
"755",0.434838090261,0.189,0,3,7,32.316,2002,35.65669,-18.161,"Rock"
"756",0.623037475551,0.136,1,1,0,202.664,2008,207.82975,-6.399,"Latin"
"757",NA,0,1,4,9,155.788,2005,159.89506,-5.111,"Punk"
"758",0.723904334614,0.287,1,4,2,287.631,1998,296.30649,-6.98,"Country"
"759",0.627073796404,0.212,1,4,7,245.232,2005,253.83138,-6.083,"Rock"
"760",0.270775998946,0.363,1,3,8,154.285,1965,161.48853,-13.797,"Country"
"761",0.561428517629,0,1,4,2,207.975,1995,215.40526,-5.66,"Electronic"
"762",0.739737282644,0,1,4,0,344.393,2004,349.04771,-6.615,"Electronic"
"763",0.774854126825,1.164,0,4,10,170.916,1997,181.21098,-5.128,"Punk"
"764",0.485122364102,2.792,1,4,1,219.806,1986,236.61669,-4.21,"Pop"
"765",0.581011942466,0.328,1,4,8,355.051,2006,357.45914,-5.492,"Rock"
"766",NA,0.165,1,4,5,246.399,2003,259.05587,-4.73,"Rap"
"767",0.570115085579,0.102,0,1,8,264.98,2008,270.21016,-5.958,"Metal"
"768",0.600274215984,0.107,0,4,4,212.683,2002,217.93914,-4.384,"Metal"
"769",0.626908585379,0.113,0,1,10,295.683,2008,299.80689,-6.247,"Punk"
"770",0.41967427881,0.062,1,5,1,201.3,0,207.56853,-6.336,"Rock"
"771",0.533370878316,0.136,0,4,11,212.759,2006,233.22077,-4.741,"Electronic"
"772",0.75606801081,0.079,1,4,9,249.812,1990,262.29506,-9.759,"Blues"
"773",NA,2.09,1,3,8,420.705,1995,432.97914,-7.984,"Rock"
"774",0.490904200542,0.136,1,4,2,219.347,2007,229.8771,-3.662,"Country"
"775",NA,0.148,0,4,4,162.975,1972,182.7522,-8.962,"Pop"
"776",NA,0.921,1,4,10,123.135,1964,136.01914,-13.53,"Rock"
"777",NA,0,0,4,0,232.391,1990,236.5122,-9.308,"RnB"
"778",NA,0.162,0,4,6,249.382,1992,257.54077,-5.775,"Rock"
"779",0.551651693394,0.223,1,4,11,147.998,2007,150.15138,-3.778,"Rock"
"780",0.482137585065,0.282,0,4,2,310.34,1998,313.36444,-3.944,"Metal"
"781",NA,0.316,1,4,11,161.321,1995,166.66077,-17.053,"Blues"
"782",0.818941494363,0.102,0,4,8,164.281,1998,166.86975,-9.309,"Rap"
"783",0.639564765726,0,1,1,6,197.903,1971,197.90322,-5.431,"Rock"
"784",0.35897652644,0.206,1,4,2,201.822,1999,205.40036,-4.129,"Pop"
"785",0.786169125977,0,0,4,8,219.858,1994,225.41016,-9.531,"Metal"
"786",NA,0.351,1,4,5,112.878,1968,119.90159,-14.09,"Country"
"787",0.623037475551,0.462,1,4,0,135.372,1967,146.02404,-15.911,"Country"
"788",0.483977246171,0,1,4,2,223.059,2003,223.05914,-7.383,"Rock"
"789",NA,0.195,1,4,2,226.075,0,232.48934,-4.286,"Latin"
"790",0.548678055568,0.218,1,1,7,196.4,1994,198.76526,-8.234,"Rock"
"791",0.487492443417,0.45,1,1,8,283.562,1991,291.97016,-25.342,"Pop"
"792",0.511424325686,2.392,1,4,4,222.61,0,229.32853,-7.973,"Latin"
"793",0.572593044816,0.241,1,4,9,180.599,2007,185.99138,-9.168,"Rock"
"794",NA,0.177,1,4,7,150.117,2000,155.402,-22.377,"Country"
"795",NA,0.218,0,3,0,453.486,1975,469.60281,-13.615,"Rock"
"796",0.624833533556,0.195,1,4,4,191.652,2008,207.09832,-4.66,"Country"
"797",NA,0,0,4,8,82.03,0,91.34975,-11.867,"Rock"
"798",0.574693297085,0,0,4,0,185.469,2008,188.65587,-4.706,"Rock"
"799",0.669413098138,0.467,1,5,1,113.615,1993,126.64118,-9.423,"Rock"
"800",0.637311276401,0,0,4,6,158.662,1991,166.32118,-5.13,"Rock"
"801",0.6645424152,0,0,4,1,255.565,2001,286.53669,-6.292,"Rock"
"802",NA,0.322,1,4,3,307.891,2004,314.20036,-5.567,"Rock"
"803",0.551921514942,0.189,0,4,11,153.884,2000,163.91791,-6.028,"Electronic"
"804",NA,1.386,1,4,5,300.362,1988,314.27873,-4.82,"Rock"
"805",NA,0.165,0,1,0,383.303,2003,401.8673,-7.916,"Rock"
"806",0.408110883511,0.665,1,4,10,265.561,1986,269.29587,-5.074,"Rock"
"807",0.766174643701,0.45,1,5,7,212.805,1996,225.43628,-7.372,"Rock"
"808",0.506905064197,0,1,4,3,180.227,1984,188.99546,-10.44,"Pop"
"809",0.544514001879,0.161,0,4,9,258.276,2005,270.05342,-9.364,"Reggae"
"810",0.41373983586,0.212,1,4,1,228.328,2001,234.16118,-6.135,"Rap"
"811",0.579416471937,0,0,4,1,299.009,2006,313.3122,-5.437,"Metal"
"812",0.265861049211,2.664,1,4,11,505.655,1997,512.78322,-8.575,"Pop"
"813",0.758095180686,0.223,1,4,10,251.304,2002,268.69506,-8.053,"Rock"
"814",0.66455622689,5.103,0,4,8,345.53,2000,360.95955,-7.072,"Rock"
"815",0.599875581301,0,0,4,1,203.726,2007,209.84118,-12.466,"Rap"
"816",0.65261955121,0,0,4,5,216.352,0,219.21914,-4.963,"RnB"
"817",0.666532379094,0.478,0,4,3,197.004,1987,201.74322,-12.083,"Rock"
"818",0.932274163157,2.415,0,4,1,259.373,1992,286.69342,-10.235,"Rap"
"819",0.535106024898,0,1,4,7,250.404,2010,252.81261,-4.194,"Rock"
"820",0.66593014741,5.904,1,4,8,355.619,0,364.38159,-7.759,"Rock"
"821",0.666303015336,0,1,4,0,287.626,2004,296.04526,-5.233,"Rock"
"822",0.327736683178,0.305,1,4,9,226.377,1981,240.3522,-6.681,"Rock"
"823",0.576300659299,0,1,7,3,449.591,1993,460.56444,-10.351,"Metal"
"824",0.615614233846,0.2,0,4,9,70.798,2005,76.82567,-8.892,"Pop"
"825",0.729612115173,0.316,1,4,0,179.322,1996,192.62649,-6.782,"Country"
"826",0.355285536423,0.183,1,4,1,149.687,2004,160.46975,-4.948,"Rock"
"827",0.541960900682,2.995,0,4,1,191.64,2002,195.73506,-4.939,"Latin"
"828",0.457447167085,0.326,1,4,9,215.197,1999,223.00689,-3.807,"Country"
"829",0.596571197666,3.825,0,4,6,245.429,2005,254.27546,-3.828,"Rock"
"830",NA,0,1,4,8,209.473,1999,212.61016,-16.611,"RnB"
"831",0.48280427553,0,0,4,6,235.595,2006,252.18567,-6.623,"Rock"
"832",0.651569825506,0,1,4,7,172.542,2005,175.96036,-1.983,"Rock"
"833",0.62829679606,0.479,1,4,5,131.866,1988,137.19465,-11.737,"Pop"
"834",0.287643396102,0,1,4,5,175.334,2005,182.282,-11.281,"Pop"
"835",0.459724988331,2.212,1,4,0,315.751,1989,331.36281,-30.285,"Rock"
"836",0.392008771471,0,1,4,0,134.809,0,143.62077,-9.912,"Punk"
"837",NA,0,0,1,9,152.689,0,157.67465,-16.892,"Jazz"
"838",NA,0,1,4,2,218.976,1999,230.47791,-14.743,"Latin"
"839",0.547324832034,0.328,1,4,2,144.126,2002,152.65914,-6.818,"Rock"
"840",NA,0.38,0,4,9,269.897,1996,274.1024,-3.414,"Rap"
"841",0.624833533556,3.558,0,1,7,264.661,1990,297.66485,-24.732,"New Age"
"842",0.587322522141,0.142,1,4,11,190.299,2000,199.07873,-5.769,"Rock"
"843",0.657074961538,0.102,1,4,7,205.52,2007,211.40853,-5.217,"Rock"
"844",0.592054387541,0.152,0,4,11,197.027,1990,200.80281,-11.927,"Rock"
"845",0.664130346026,0.659,1,4,1,331.5,2003,349.33506,-10.271,"Country"
"846",0.558200270323,0.27,0,4,2,344.648,1975,365.24363,-9.745,"Rock"
"847",0.596176071338,0.16,1,4,8,327.245,0,343.40526,-11.432,"Electronic"
"848",0.566707641676,0.293,1,3,4,216.776,2000,222.74567,-14.519,"Country"
"849",NA,0,1,4,8,283.846,0,283.84608,-7,"Rock"
"850",NA,0,1,4,5,320.209,2007,331.31057,-5.637,"Rap"
"851",0.710365670532,0.113,1,4,9,340.968,2008,352.96608,-7.483,"Rock"
"852",0.74931351062,0,1,4,8,150.999,2005,154.85342,-5.573,"Punk"
"853",NA,0,0,3,4,234.684,2005,234.68363,-5.464,"Rap"
"854",0.463849077918,0.461,0,4,3,285.559,0,289.30567,-6.569,"RnB"
"855",0.579938252066,0.148,1,1,0,219.15,0,234.16118,-6.748,"Country"
"856",0.569275650675,0.148,0,3,11,263.059,2006,279.24853,-3.699,"Rock"
"857",0.327736683178,0.206,0,1,7,171.236,2004,173.73995,-4.192,"Rock"
"858",0.345802233965,0.195,0,4,9,280.137,2006,288.70485,-6.503,"Rock"
"859",0.592445864418,0,1,1,10,217.188,2003,221.20444,-5.511,"Metal"
"860",NA,0,1,4,7,278.648,1999,278.64771,-5.206,"Rock"
"861",0.561428517629,0.078,0,4,11,180.547,2001,188.36853,-9.105,"Latin"
"862",0.41373983586,0.125,1,4,7,149.101,2005,155.97669,-7.711,"Country"
"863",0.514753324338,0.125,1,4,1,290.313,2001,306.05016,-4.557,"Rap"
"864",NA,0,1,4,8,242.358,0,248.52853,-6.623,"Punk"
"865",0.721142987249,2.026,0,4,4,140.428,2001,147.22567,-9.647,"Rap"
"866",0,0.241,1,4,7,228.641,2002,240.3522,-5.933,"Latin"
"867",NA,0,1,1,7,84.192,2002,84.1922,-2.908,"Metal"
"868",NA,0.996,1,4,9,147.389,2001,155.24526,-15.512,"Pop"
"869",0.327736683178,0,1,4,2,265.012,1993,265.01179,-7.416,"Blues"
"870",0.643470577243,4.365,1,4,11,142.698,2003,159.65995,-13.092,"Electronic"
"871",0.474054830931,0.154,1,4,7,340.259,0,348.08118,-12.494,"Rock"
"872",NA,0,1,4,7,107.99,0,114.52036,-8.649,"Rap"
"873",0.698494468202,0,1,4,10,229.262,1994,247.58812,-8.512,"Rock"
"874",NA,0.27,1,4,1,117.806,1996,128.33914,-13.276,"Reggae"
"875",0.425124658313,0.242,0,3,9,153.919,1967,171.15383,-14.876,"Rock"
"876",0.561164085205,0.45,0,7,8,184.274,2007,193.74975,-7.944,"Rock"
"877",0.541651442955,0.173,1,4,10,240.524,2007,256.93995,-8.036,"Pop"
"878",0.660928327858,0.432,1,4,9,276.91,2009,288.33914,-4.433,"Rock"
"879",NA,0.101,1,4,9,178.503,2005,180.55791,-7.468,"Rap"
"880",NA,3.17,1,4,2,213.316,2001,218.67057,-11.413,"Rock"
"881",0.480610618388,3.791,1,4,9,250.021,1988,266.4224,-10.228,"Rock"
"882",0.405115721691,3.28,1,4,4,308.216,1977,312.58077,-11.803,"Rock"
"883",NA,0.125,0,3,4,151.092,2006,158.11873,-4.795,"Punk"
"884",0.736265035009,0,1,4,5,192.581,2005,201.29914,-4.428,"Rock"
"885",NA,0.328,1,4,0,63.832,1981,67.76118,-18.967,"Rock"
"886",NA,0.386,0,4,4,190.427,1974,200.202,-8.28,"Rock"
"887",0.511424325686,0.357,1,4,1,190.618,1996,200.38485,-7.365,"Country"
"888",0.646536360532,0.235,1,4,6,169.61,2000,172.22485,-5.072,"Rock"
"889",0.685120843045,0.357,1,1,0,285.907,2004,293.69424,-11.494,"Blues"
"890",0.789938703581,0.214,1,4,4,276.126,1984,288.80934,-12.525,"Rock"
"891",0.563246899281,1.535,0,3,10,260.47,1991,265.76934,-9.259,"Electronic"
"892",0.60681632717,0.229,0,4,6,116.785,2006,122.72281,-3.779,"Metal"
"893",0.531612769199,5.985,0,4,11,245.023,2002,255.97342,-9.758,"Folk"
"894",0.601034317129,0.062,0,4,11,198.664,2005,211.53914,-4.618,"Pop"
"895",0.675546728026,0.148,0,4,2,298.411,1989,303.09832,-11.273,"World"
"896",0,0,0,3,4,241.255,2004,249.12934,-8.138,"Rap"
"897",0.689313564224,0.148,1,3,10,202.06,2009,214.5171,-4.256,"Pop"
"898",NA,0.384,1,3,9,294.847,1993,308.76689,-3.947,"Rock"
"899",NA,2.955,1,4,4,285.152,1983,285.1522,-9.462,"Rock"
"900",0.610846628095,0,1,4,4,241.449,2009,241.44934,-3.862,"Metal"
"901",0.51535717917,0.235,1,4,3,422.255,1992,426.78812,-4.024,"Rock"
"902",NA,0.554,0,4,11,238.306,1999,249.28608,-7.899,"Rock"
"903",0.3759843015,0.305,1,4,4,109.436,0,116.89751,-6.957,"Rock"
"904",NA,10.257,1,4,7,179.316,1966,182.56934,-14.299,"Rock"
"905",0.621291653556,0,1,4,8,220.499,2006,220.49914,-3.884,"Metal"
"906",NA,0,0,3,2,249.765,2001,256.33914,-10.426,"RnB"
"907",0.654067966087,0,1,4,0,411.312,1991,415.81669,-9.306,"Rock"
"908",0.650767013398,0.498,0,4,5,373.656,1994,382.01424,-7.971,"Rock"
"909",0.608932946378,0,1,3,4,165.036,1999,169.69098,-6.669,"Rap"
"910",0.614576981682,0.444,1,4,9,213.293,1996,221.33506,-9.472,"Rock"
"911",NA,0,1,4,7,263.059,0,271.69914,-4.734,"Rock"
"912",0.648425566226,0.101,0,1,9,233.529,0,246.72608,-4.146,"Rock"
"913",0.41373983586,0.334,1,4,9,192.058,1996,195.5522,-7.497,"Rock"
"914",NA,0.729,1,7,6,184.506,1929,191.11138,-14.873,"Blues"
"915",NA,0,1,4,7,220.29,1998,220.29016,-3.935,"Rock"
"916",NA,0.514,1,1,10,160.403,1961,167.70567,-23.611,"Country"
"917",0.557313136388,0.154,0,4,7,268.225,2003,280.00608,-7.787,"Pop"
"918",0.531722098421,0.308,1,4,0,168.254,1996,168.25424,-5.936,"Rock"
"919",0.494469709267,0,1,4,4,219.719,2007,229.14567,-6.062,"Pop"
"920",0.392008771471,0.206,1,4,2,160.363,2008,171.10159,-8.81,"Country"
"921",0.603440994737,0,1,0,1,109.929,2004,233.27302,-4.309,"Electronic"
"922",0.5569140187,0,1,3,6,247.948,2003,252.62975,-6.172,"Rock"
"923",NA,0,1,4,11,249.87,1994,265.06404,-8.6,"Rock"
"924",0.466304830757,0,1,4,7,91.069,0,94.01424,-5.28,"Punk"
"925",0.556739869246,0.217,1,4,1,285.896,2003,288.44363,-5.52,"Rock"
"926",NA,0.339,0,3,5,271.865,2000,278.04689,-3.676,"Pop"
"927",NA,0,1,4,1,261.877,1991,261.8771,-7.968,"Pop"
"928",NA,0,1,5,8,44.478,2003,46.602,-13.928,"Rap"
"929",0.750583066484,0.084,1,4,2,202.977,0,209.00526,-3.589,"Rock"
"930",0.513142599475,0.345,0,4,7,220.764,0,236.042,-9.074,"Rock"
"931",NA,0,0,3,6,300.907,1993,319.73832,-4.277,"Rock"
"932",NA,0,0,4,6,154.117,1965,161.48853,-11.219,"Rock"
"933",NA,0,1,3,7,131.053,1984,135.99302,-15.086,"Blues"
"934",0.629967831373,0.183,1,3,6,265.491,2005,275.46077,-10.752,"Rock"
"935",NA,0,1,3,5,514.014,1972,536.0322,-9.253,"Rock"
"936",0.734996573397,0,0,4,6,149.763,2005,158.64118,-7.468,"Rap"
"937",NA,2.601,1,4,6,337.102,2002,345.96526,-5.125,"Rock"
"938",NA,0,1,4,0,300.495,1983,304.22159,-4.456,"Rock"
"939",0.867008491279,0,1,4,8,176.613,2009,176.61342,-4.606,"Rock"
"940",NA,2.043,0,4,4,280.468,2006,288.31302,-18.328,"RnB"
"941",0.598688452766,2.409,0,4,2,254.288,1975,271.69914,-9.003,"Rock"
"942",0.542898743291,0,0,4,10,136.96,2004,136.95955,-4.178,"Rap"
"943",0.299877488274,0.165,1,1,7,272.271,2008,282.30485,-8.975,"Rock"
"944",0.890314003717,4.719,1,4,10,182.712,2008,195.21261,-3.592,"Electronic"
"945",0.579767081143,0,0,4,10,162.783,2002,177.52771,-6.04,"Rock"
"946",0.60455448492,3.338,1,1,6,132.621,2002,144.14322,-9.427,"Pop"
"947",0.635905866874,0.403,0,3,7,318.096,2006,345.75628,-18.942,"Rock"
"948",0.629476732675,0.938,1,4,4,237.401,2007,250.95791,-5.187,"Rock"
"949",0.215080318509,0.252,1,4,7,233.616,1999,246.5171,-12.733,"Rock"
"950",NA,4.017,0,4,0,262.565,2006,274.99057,-6.114,"Rock"
"951",0.612054953969,0.299,0,4,2,184.332,0,195.81342,-4.436,"Rock"
"952",0.367273415809,0.221,0,4,9,196.719,0,201.66485,-5.559,"Pop"
"953",0.608860560548,0,1,4,7,162.215,2007,174.81098,-4.403,"Pop"
"954",0.587426506702,2.247,1,4,7,182.526,1993,188.31628,-9.958,"Rock"
"955",0.685849656345,0.108,1,4,4,270.431,2003,292.88444,-14.507,"Pop"
"956",0.708407537397,0.091,1,4,8,178.84,2009,185.86077,-3.242,"Punk"
"957",NA,0,1,4,4,159.144,2008,167.07873,-17.514,"Country"
"958",0.664578649846,2.682,0,4,0,216.474,2007,227.57832,-7.695,"Country"
"959",0.419125892959,0.282,0,3,7,312.726,0,328.69832,-7.317,"Metal"
"960",0.725725053433,0.188,0,7,5,307.397,0,325.92934,-7.863,"RnB"
"961",0.450762241641,0.069,1,4,9,220.148,2007,223.4771,-6.658,"Reggae"
"962",NA,0.177,0,4,1,196.243,2006,200.64608,-6.641,"Rock"
"963",NA,0,1,7,9,234.919,1985,234.91873,-8.38,"Metal"
"964",0.434838090261,0.09,1,5,6,189.829,2004,208.09098,-7.492,"Rap"
"965",0.505487343149,0.55,1,3,7,143.47,1995,151.03955,-15.603,"Country"
"966",NA,0.27,0,7,10,325.619,1988,335.01995,-9.406,"Rap"
"967",0.595478748247,2.438,1,4,7,249.626,1991,255.65995,-10.672,"Rock"
"968",0.585979766109,1.646,0,5,4,222.43,1993,243.17342,-6.149,"Rock"
"969",0.392008771471,2.241,1,1,0,357.193,0,364.64281,-17.67,"Jazz"
"970",0.586452119231,5.207,0,4,5,291.573,1999,293.66812,-11.083,"RnB"
"971",0.561428517629,0.313,1,5,0,188.575,2005,207.62077,-5.116,"Latin"
"972",NA,4.145,1,4,9,273.528,0,273.52771,-8.72,"Rock"
"973",0.496175335673,0,0,4,4,254.996,2009,263.52281,-12.732,"Rock"
"974",0.652359289191,0.107,0,4,3,71.03,1982,73.09016,-7.897,"Rock"
"975",NA,0.206,1,4,2,200.742,1997,208.29995,-11.667,"RnB"
"976",NA,2.363,1,4,7,221.977,2001,224.522,-5.823,"Pop"
"977",0.621291653556,0,1,4,3,479.295,2007,509.49179,-6.664,"Metal"
"978",0.212045405484,0.165,1,4,5,268.08,1995,280.11057,-8.882,"Blues"
"979",0.582918458498,0,1,4,0,270.019,2006,282.04363,-6.327,"Rock"
"980",0.536788886441,0,1,4,9,216.149,1990,221.43955,-11.278,"Rock"
"981",0.735455678051,2.397,0,4,4,234.684,0,241.84118,-7.95,"Rock"
"982",0.489174002406,0,1,4,7,257.585,2006,264.01914,-4.789,"Rock"
"983",0.625106561469,0,1,3,8,179.659,2000,190.95465,-4.802,"Punk"
"984",0.730949906097,0.351,0,4,5,309.992,1989,329.69098,-6.658,"Rock"
"985",0.687434282138,2.914,0,5,7,221.901,2010,234.26567,-17.279,"RnB"
"986",NA,0.316,1,1,7,137.77,0,143.82975,-11.366,"Country"
"987",0.265861049211,0,1,4,10,256.476,2001,260.96281,-3.941,"Pop"
"988",NA,0.45,1,4,1,244.344,0,250.43546,-4.691,"Rock"
"989",NA,0.282,1,4,11,207.865,2000,211.01669,-5.205,"Pop"
"990",NA,0.102,1,4,10,288.641,2008,301.16526,-6.445,"Pop"
"991",0.813937197771,0.31,1,4,1,211.418,2009,223.29424,-4.346,"Rock"
"992",0.489038209173,0.293,1,4,9,134.438,1992,142.73261,-7.982,"Rock"
"993",0.629790622676,0.481,1,4,2,218.424,2009,233.79546,-8.023,"Pop"
"994",0.789430535314,0,1,4,7,260.197,1988,267.33669,-4.732,"Blues"
"995",0.718950558772,0.421,0,4,2,356.2,1987,387.16036,-11.705,"Rock"
"996",0.683462009309,0.473,0,4,11,222.902,2006,222.9024,-4.317,"Rock"
"997",0.644823657676,0.206,1,4,9,230.475,1992,237.92281,-9.093,"Rap"
"998",0,0.247,0,4,10,291.561,0,302.13179,-7.819,"Jazz"
"999",0.419125892959,0,1,4,2,269.084,2009,277.75955,-5.903,"Metal"
"1000",0.657161336388,0.34,0,4,10,125.463,1989,136.12363,-11.298,"Pop"
"1001",0.215080318509,1.127,0,7,4,187.35,1993,198.42567,-7.958,"Country"
"1002",0.559646609932,0.235,1,5,8,229.918,2005,240.71791,-5.281,"Rap"
"1003",NA,0,1,4,7,86.883,1997,86.88281,-8.834,"Reggae"
"1004",0.545937381331,2.496,0,3,4,194.206,2009,204.06812,-13.708,"Rock"
"1005",0,0.13,1,4,0,218.662,2002,225.67138,-6.737,"Rock"
"1006",0.450762241641,0.066,0,4,11,205.659,1987,216.86812,-8.698,"Rock"
"1007",0.550561797034,0.369,0,4,9,141.798,2000,148.29669,-8.315,"Rap"
"1008",0.504034340805,0.821,0,5,0,191.048,1996,201.24689,-8.146,"Rock"
"1009",0.659230577045,0.072,1,1,8,136.353,2006,153.23383,-6.754,"Rock"
"1010",0.6301876272,0.316,0,4,7,218.825,2003,229.61587,-3.782,"Rock"
"1011",0,0.374,1,4,2,150.262,0,153.57342,-14.122,"Rap"
"1012",0.714047459514,0.339,1,4,4,261.416,0,270.73261,-8.6,"Metal"
"1013",0.619596042102,0.34,1,4,5,159.608,1972,159.60771,-9.079,"Rock"
"1014",0.70109712705,0,0,4,9,206.576,0,206.57587,-15.794,"Rock"
"1015",NA,0.443,1,4,0,187.623,1988,193.56689,-5.24,"Rock"
"1016",0.787210098456,0.304,0,4,10,176.135,2002,181.52444,-5.622,"Pop"
"1017",NA,0.374,1,4,8,327.378,1992,332.06812,-7.107,"Rock"
"1018",0.629768364996,0.305,1,4,7,168.826,1991,177.81506,-9.54,"Pop"
"1019",0.574882891689,0.155,1,4,8,208.927,1993,215.09179,-10.612,"Pop"
"1020",0.737850331973,0,1,4,0,215.342,2008,236.19873,-15.967,"Pop"
"1021",0.494489517502,0.334,1,4,7,269.526,1992,280.65914,-6.033,"Rock"
"1022",NA,1.071,0,4,4,308.117,2007,320.15628,-8.959,"Reggae"
"1023",0.620458374076,0.096,0,3,6,203.767,2002,206.44526,-4.46,"Rock"
"1024",NA,0.34,1,4,6,394.356,1991,397.5571,-8.74,"Rap"
"1025",0.60524622897,0,1,4,6,266.315,1991,274.70322,-15.838,"Rock"
"1026",NA,0,0,4,7,191.925,2000,196.362,-5.065,"Rap"
"1027",NA,0.328,1,1,11,163.358,1999,181.86404,-7.914,"Country"
"1028",NA,0,0,4,9,133.596,1981,142.23628,-14.05,"Rock"
"1029",0.604128453377,0,1,4,4,200.907,1979,200.9073,-13.613,"Rock"
"1030",0.327736683178,0.444,1,4,11,151.069,0,168.30649,-7.207,"Rock"
"1031",0.65378320426,0,0,1,10,264.672,2007,264.6722,-3.779,"Metal"
"1032",0.457447167085,0,0,7,11,174.236,1990,174.23628,-9.79,"Rock"
"1033",0.468997787645,0.121,1,4,0,104.455,1963,108.19873,-13.323,"Country"
"1034",0.57903870116,0.241,0,4,10,124.024,1985,133.25016,-13.77,"Punk"
"1035",0.726863701108,0.183,1,3,7,110.196,2008,119.40526,-10.775,"Rock"
"1036",0.430160637018,0.131,0,4,3,191.501,2006,206.75873,-6.704,"Electronic"
"1037",0.738970680476,0,1,4,0,318.851,2006,331.36281,-12.527,"Pop"
"1038",0.725318691006,0,0,4,4,248.924,2004,252.08118,-5.131,"Metal"
"1039",0.561428517629,0.38,1,4,4,208.347,0,219.08853,-13.943,"Rock"
"1040",NA,0.096,1,4,7,189.521,1992,200.6722,-13.269,"Jazz"
"1041",NA,0.194,0,3,9,210.617,1989,223.97342,-7.364,"Reggae"
"1042",0.848616760918,2.154,1,3,2,221.594,1995,241.8673,-8.03,"Pop"
"1043",0.433005077275,0,1,4,1,177.296,1999,196.91057,-7.481,"Rap"
"1044",NA,0,1,4,2,184.346,1981,184.34567,-8.105,"Rock"
"1045",0.585452851776,0.51,1,4,5,210.75,2005,221.41342,-7.603,"Rock"
"1046",0.705023455931,0,1,4,5,185.905,1978,191.55546,-7.196,"Rock"
"1047",0.340922755864,0.078,0,4,11,163.59,0,167.60118,-5.988,"Punk"
"1048",NA,0.287,1,4,8,227.637,2002,236.95628,-3.924,"Pop"
"1049",0.63924848915,0.154,1,3,7,266.449,2002,272.95302,-9.846,"Electronic"
"1050",0.408110883511,0,1,4,9,112.774,0,124.39465,-8.039,"Country"
"1051",0.701266352615,2.81,1,4,9,259.535,2005,269.34812,-6.294,"Rock"
"1052",0.740467827363,6.327,1,3,5,268.98,2009,277.83791,-6.399,"Pop"
"1053",NA,0,1,4,7,207.215,2008,215.64036,-4.462,"Rock"
"1054",NA,0.096,1,4,6,253.457,2002,255.63383,-3.084,"Rap"
"1055",0.382935090075,0.205,1,4,0,152.143,2005,160.62649,-6.94,"Country"
"1056",0.66249316082,0.148,1,3,11,220.247,2009,233.66485,-6.446,"Rock"
"1057",0.480238747979,0.113,1,4,5,336.904,1999,340.4273,-5.298,"Rock"
"1058",0.849678669567,0.076,1,4,0,205.827,2008,209.00526,-4.92,"Pop"
"1059",0.439654659707,0,1,4,7,266.031,2002,266.03057,-6.404,"Rock"
"1060",0.439202489315,0.084,1,3,2,225.907,2003,237.50485,-3.909,"RnB"
"1061",NA,3.907,1,4,10,210.535,2000,215.87546,-15.901,"Rock"
"1062",0.896789015573,0.142,0,4,7,197.097,2003,201.58649,-2.87,"Rock"
"1063",0.447784051196,0.264,1,4,0,228.333,0,232.56771,-10.181,"Folk"
"1064",NA,0.066,0,4,11,209.229,1999,213.62893,-6.969,"Rock"
"1065",0.741621753899,7.036,1,4,9,297.39,2008,301.45261,-8.326,"RnB"
"1066",0.25759740102,0.113,1,4,7,330.641,0,353.04444,-8.192,"Pop"
"1067",NA,0,1,4,1,161.64,2004,173.60934,-6.601,"Rap"
"1068",NA,0,1,4,6,313.104,2008,318.09261,-6.182,"Rock"
"1069",0.604205276021,1.001,0,4,8,264.185,1992,276.71465,-6.694,"Rock"
"1070",0.459724988331,0.247,1,4,1,185.742,2003,201.22077,-7.633,"Pop"
"1071",0.386477291255,0,1,4,2,161.361,0,172.93016,-10.592,"Rock"
"1072",NA,0.067,1,3,6,299.892,1993,303.46404,-6.125,"Rap"
"1073",NA,0.072,1,4,8,259.738,2008,281.18159,-10.67,"Rock"
"1074",0.437036204112,0,0,4,10,274.75,0,278.96118,-5.682,"Metal"
"1075",NA,0,0,1,0,257.637,2007,269.71383,-6.013,"Metal"
"1076",NA,2.949,1,3,4,181.441,0,187.53261,-16.692,"Country"
"1077",NA,0,1,4,5,286.912,1996,311.19628,-9.356,"Rock"
"1078",0.215080318509,0.409,0,3,4,308.918,2006,322.11546,-13.935,"Latin"
"1079",NA,3.913,1,4,6,261.433,2002,270.70649,-6.247,"Rock"
"1080",NA,0,1,4,9,199.593,1974,211.66975,-10.906,"Rock"
"1081",0.460541281359,0,1,1,0,197.968,2003,202.10893,-7.597,"Electronic"
"1082",NA,0,1,5,0,172.008,0,175.20281,-10.796,"Rap"
"1083",0.454192988218,0,1,3,1,303.758,0,310.72608,-6.192,"Rap"
"1084",0.653811412698,0.623,1,4,7,233.848,1998,239.20281,-11.084,"Country"
"1085",NA,0.16,1,5,1,123.356,1967,128.96608,-11.863,"Country"
"1086",0.334706549069,0.948,0,4,7,193.451,1983,208.66567,-7.792,"Rock"
"1087",0.84901988558,1.193,1,4,7,230.824,1991,243.9571,-10.847,"Rock"
"1088",0.507531546008,0.369,1,4,11,258.479,1993,267.2322,-9.272,"RnB"
"1089",0.407233014901,0.194,1,4,2,243.281,1979,253.02159,-8.885,"Rock"
"1090",0.530663030144,0.078,1,4,11,220.595,2009,223.89506,-6.103,"Rock"
"1091",0.467365631328,0,1,4,2,279.208,2001,295.60118,-12.397,"Rock"
"1092",0.653899845645,0,0,4,11,290.569,0,293.19791,-6.229,"Pop"
"1093",0.577107923506,0.14,1,4,7,389.555,2001,399.98649,-9.272,"Rock"
"1094",0.536788886441,0,0,4,8,236.606,1996,252.99546,-11.672,"Rap"
"1095",0.531722098421,0.131,0,4,11,209.914,0,216.94649,-9.181,"Punk"
"1096",NA,0.513,0,7,11,201.096,1976,209.13587,-8.852,"Pop"
"1097",NA,0.328,0,1,6,542.064,2005,551.91465,-17.293,"Blues"
"1098",0.586776931844,2.287,0,4,1,225.489,2000,225.48853,-4.805,"Rap"
"1099",0.661648181859,0,1,5,5,221.431,2002,229.53751,-5.426,"Pop"
"1100",0.717206440761,0.148,0,4,10,285.124,1985,302.28853,-4.621,"Rock"
"1101",0.7545622959,0.595,1,5,0,43.752,2006,47.46404,-11.088,"Electronic"
"1102",0.607908632984,0.241,1,7,2,180.703,1996,191.39873,-9.316,"Folk"
"1103",0.3759843015,0.148,1,4,9,111.49,1993,111.49016,-8.889,"Punk"
"1104",0.386790177139,0.784,1,4,0,307.949,1991,317.83138,-14.989,"Pop"
"1105",0.573019827988,0.183,1,1,7,276.683,1997,286.30159,-8.204,"Pop"
"1106",0.810630090421,2.038,1,4,6,234.08,2004,262.21669,-6.4,"Electronic"
"1107",0.334706549069,0.496,1,4,9,351.539,1993,368.1171,-12.157,"Metal"
"1108",0.450992311636,0,1,4,1,212.068,2001,228.44036,-6.923,"Rap"
"1109",0.557187767519,0,1,4,7,325.538,1992,344.05832,-10.634,"Rock"
"1110",0.51596363072,0.345,1,3,0,236.449,1998,260.17914,-6.076,"Rock"
"1111",0.709610952842,0.177,1,4,10,227.944,0,258.42893,-13.63,"Pop"
"1112",0.464380969594,0,1,3,2,273.032,0,280.0322,-7.625,"Folk"
"1113",0.265861049211,0.09,0,4,4,221.936,1991,221.93587,-13.035,"Rock"
"1114",0.637236094419,0.421,1,1,2,49.842,0,54.12526,-16.453,"Rap"
"1115",0.551921514942,0,1,5,0,271.192,2000,289.12281,-6.724,"Rock"
"1116",0.793987460442,2.27,0,4,3,228.711,2001,241.24036,-8.077,"Pop"
"1117",NA,9.66,1,4,11,192.104,2007,210.49424,-5.508,"Rock"
"1118",0.590890611298,0.175,1,3,0,207.314,2006,217.57342,-10.786,"Rock"
"1119",NA,0.104,1,4,11,114.637,1996,123.402,-15.419,"Country"
"1120",0.601708035096,11.802,1,4,1,323.5,2003,327.1571,-5.234,"Rock"
"1121",0.484562529968,0.095,1,4,9,187.826,1995,200.07138,-4.737,"Rock"
"1122",0.265861049211,0.375,1,3,0,137.66,0,146.23302,-13.261,"Country"
"1123",NA,0.061,0,3,5,363.752,2006,372.76689,-8.265,"Blues"
"1124",0.585452851776,0.137,1,4,0,201.12,2001,208.50893,-8.28,"Reggae"
"1125",0.683770111991,0.119,1,4,8,276.544,2006,279.53587,-5.852,"Latin"
"1126",NA,0.166,1,5,9,195.634,2003,208.92689,-7.042,"Pop"
"1127",NA,0.357,0,1,9,299.114,1970,304.45669,-13.562,"Rock"
"1128",NA,0.241,1,1,9,230.708,1967,238.94159,-23.977,"Blues"
"1129",0.454192988218,0,0,4,9,173.25,2008,180.89751,-7.279,"RnB"
"1130",0.632525062115,0.194,1,4,11,350.79,1997,357.642,-10.851,"Electronic"
"1131",0.596571197666,0,1,4,0,105.198,2001,108.12036,-4.926,"Punk"
"1132",NA,0,1,4,7,338.936,2008,341.41995,-8.652,"Pop"
"1133",0.662651978738,0.09,1,4,1,235.224,2002,249.18159,-6.297,"RnB"
"1134",NA,0,1,4,9,283.103,1992,291.16036,-3.349,"Rap"
"1135",0.519448581494,0.374,1,4,3,230.208,0,240.97914,-8.505,"Rock"
"1136",0.604326621155,0,1,3,7,203.064,1997,209.00526,-5.945,"Rock"
"1137",0.434838090261,0.34,1,4,4,156.52,2000,164.33587,-6.231,"Latin"
"1138",NA,0.206,1,1,10,181.133,1991,187.03628,-19.27,"Blues"
"1139",0.66574917517,0,1,4,6,154.912,2003,164.54485,-10.897,"Rock"
"1140",0,0.334,1,4,9,281.124,0,295.36608,-4.707,"Rock"
"1141",0.538422402971,0.27,1,1,7,99.5,1997,99.49995,-5.301,"Rock"
"1142",0.67799795754,6.177,0,3,11,265.747,2008,270.13179,-3.225,"Rock"
"1143",0.668033347553,0.274,1,4,9,215.353,2005,218.64444,-5.806,"RnB"
"1144",NA,2.177,1,4,4,258.461,1987,263.70567,-10.981,"Rock"
"1145",NA,0.213,1,4,4,357.03,1995,366.70649,-7.098,"Latin"
"1146",NA,0,1,3,11,297.302,1992,316.76036,-11.76,"Rock"
"1147",0.601686243854,0,1,4,9,196.101,1994,196.10077,-7.467,"Reggae"
"1148",0.676548905601,1.53,0,4,6,193.312,2004,195.65669,-3.044,"Rock"
"1149",0.651171124429,5.671,0,3,9,271.209,2005,295.67955,-6.473,"Rock"
"1150",0.431432872798,0,1,4,10,210.083,1995,225.33179,-7.991,"RnB"
"1151",0.641786186172,0.183,1,3,10,245.522,1998,255.39873,-8.022,"Rock"
"1152",0.589699680857,0.119,1,4,8,186.694,0,204.85179,-6.682,"Latin"
"1153",NA,0,1,4,5,242.207,1981,242.20689,-3.237,"Rock"
"1154",0.585116487167,0,1,1,7,199.872,2009,202.91873,-12.024,"Rock"
"1155",0.566226760875,0,1,3,9,236.124,1979,241.8673,-12.328,"Rock"
"1156",0.408110883511,3.988,0,4,4,337.56,1986,354.35057,-7.333,"Rock"
"1157",0.548718667039,11.389,0,4,9,630.886,2000,645.38077,-12.793,"Rock"
"1158",0.640799204915,0,1,1,2,125.283,1996,125.28281,-4.285,"Rock"
"1159",NA,0,0,3,8,227.451,2001,231.49669,-5.349,"Rap"
"1160",0.527555356123,0.084,0,4,8,324.11,2004,343.562,-5.82,"Rock"
"1161",0.682218135227,2.891,1,4,0,212.648,1988,229.642,-12.818,"Rock"
"1162",NA,0.792,1,4,1,281.112,1975,285.1522,-11.969,"Rock"
"1163",0.782868998681,0.256,1,4,0,162.482,1985,170.89261,-15.591,"Rock"
"1164",0.508984608103,4.18,1,4,2,217.13,1992,241.52771,-18.454,"Rap"
"1165",0.694453546062,0,1,3,7,205.752,2004,216.5024,-9.911,"Pop"
"1166",0.239629097774,0.177,0,4,4,234.899,0,247.24853,-7.518,"Pop"
"1167",0.382935090075,0.403,1,4,0,236.292,0,256.67873,-10.223,"Rock"
"1168",0.60681632717,0,1,4,7,188.212,2000,188.21179,-5.008,"Punk"
"1169",NA,0.293,1,4,3,339.336,1993,346.5922,-15.018,"Pop"
"1170",0.3759843015,0.061,1,4,3,244.402,0,249.52118,-5.951,"Latin"
"1171",0.60219431078,0,1,4,7,224.682,0,244.08771,-6.228,"Rock"
"1172",0.682112970641,2.31,1,4,1,207.337,2008,214.9873,-11.588,"Rap"
"1173",0.611214622611,0.237,1,1,7,305.342,0,310.64771,-9.013,"Rock"
"1174",0.591291373388,0,0,4,11,253.527,1982,266.05669,-10.762,"Reggae"
"1175",0.512253654303,0.451,1,3,9,256.023,2000,265.24689,-8.387,"Country"
"1176",NA,0,1,4,1,288.322,2001,294.13832,-4.603,"Rap"
"1177",NA,0,1,4,1,275.615,1992,278.12526,-7.352,"Rock"
"1178",0.521659258048,0.275,0,4,1,233.529,2004,237.19138,-5.129,"Rap"
"1179",0.63924848915,0,1,4,7,183.542,2003,188.94322,-7.549,"Electronic"
"1180",0.82998325688,0,0,5,4,225.097,1996,225.09669,-6.504,"Electronic"
"1181",NA,1.031,1,4,1,381.991,2002,392.82893,-5.295,"Pop"
"1182",NA,0,0,4,11,200.806,1982,210.54649,-10.992,"Rock"
"1183",NA,0,0,4,10,246.404,2002,250.77506,-6.188,"RnB"
"1184",0.473346541109,0.173,1,3,8,374.015,1992,386.79465,-10.118,"Blues"
"1185",0.721487046261,0,1,4,10,231.631,1999,246.80444,-3.93,"Rock"
"1186",0.598167313919,0,0,4,10,137.242,0,154.40934,-6.609,"Rock"
"1187",0.401486711428,0,0,4,7,162.716,2003,162.71628,-10.257,"Rock"
"1188",0.460484844986,0.525,0,4,1,192.865,0,202.9971,-11.772,"Rock"
"1189",0.462379945973,0.096,1,4,0,191.263,2007,202.00444,-12.826,"Rock"
"1190",0.610642377638,0.16,1,4,0,345.687,0,348.44689,-5.817,"Metal"
"1191",0.723348601459,0.177,0,3,7,253.498,2003,255.99955,-6.155,"RnB"
"1192",NA,0.202,1,4,2,224.467,1972,229.56363,-11.68,"Rock"
"1193",NA,0,1,4,9,361.343,2002,364.72118,-10.202,"Latin"
"1194",NA,0.299,1,3,2,265.822,1995,282.33098,-9.851,"Country"
"1195",0.266955186276,0,0,4,7,170.475,1987,190.17098,-15.494,"Rap"
"1196",0.788862009136,0.206,0,4,10,277.289,2002,277.28934,-5.64,"Rock"
"1197",0.487112194863,0.165,1,4,7,127.059,1987,127.05914,-5.454,"Latin"
"1198",NA,0.287,1,4,0,284.549,2006,294.19057,-6.805,"Pop"
"1199",0.490808487631,4.743,0,4,10,169.842,1990,188.31628,-10.553,"Rap"
"1200",0.550647153374,0.374,1,7,4,162.342,1987,167.78404,-9.966,"Metal"
"1201",0.530663030144,0.063,1,4,2,180.024,0,185.83465,-7.541,"Rock"
"1202",NA,0,1,1,10,275.818,2000,278.56934,-4.842,"Rock"
"1203",0.614006173141,0.299,1,4,3,321.788,1993,343.43138,-9.808,"Rock"
"1204",0.724910420099,0.165,0,4,8,201.421,2005,204.59057,-7.162,"Rock"
"1205",0.631008058818,0.115,1,4,8,231.149,2001,236.64281,-8.025,"Rap"
"1206",0.456949543537,0.566,1,3,2,189.835,1990,201.16853,-13.419,"Rock"
"1207",NA,0,1,3,1,174.991,1998,183.09179,-14.469,"Rock"
"1208",0.270583472485,1.019,1,3,0,239.52,1982,243.06893,-10.502,"Rock"
"1209",0.534655239867,0,0,4,7,267.865,2006,271.64689,-7.537,"Latin"
"1210",0.340922755864,2.078,1,4,7,223.19,0,223.18975,-9.049,"Pop"
"1211",0.681755339127,0,0,4,6,303.09,2004,317.46567,-6.806,"Rock"
"1212",0.715792636804,0.084,1,1,6,161.994,2004,172.14649,-6.088,"Rock"
"1213",NA,0,1,7,6,238.283,2008,247.97995,-9.237,"Rock"
"1214",NA,0,1,1,9,73.636,1995,82.65098,-12.558,"Rock"
"1215",0.407233014901,0.43,1,4,7,66.374,2004,68.49261,-12.919,"Rap"
"1216",NA,0.252,1,1,8,162.644,1972,170.29179,-11.314,"Rock"
"1217",0.677773440021,0.087,1,4,11,178.666,1986,183.90159,-12.289,"Punk"
"1218",0.540493129382,0,1,1,8,258.328,2008,261.43302,-6.405,"Rock"
"1219",NA,0.7,1,1,4,389.898,1977,393.61261,-9.897,"Rock"
"1220",0.652839543317,0.415,1,4,2,224.729,1997,235.65016,-6.322,"Rock"
"1221",0.722289006692,1.048,1,4,3,245.806,1990,258.2722,-7.178,"Rock"
"1222",NA,1.001,1,3,6,222.848,2005,230.47791,-8.21,"Pop"
"1223",0.424090810967,0,0,4,0,196.354,1993,203.65016,-14.897,"Rock"
"1224",0.554384121184,0.258,0,4,7,201.485,2001,205.11302,-1.869,"Rock"
"1225",NA,0,0,4,4,286.598,2006,299.72853,-16.253,"Rock"
"1226",NA,0.101,1,3,0,411.353,2002,422.55628,-9.929,"Metal"
"1227",NA,0,0,4,9,162.383,0,166.94812,-18.712,"Blues"
"1228",0.265861049211,0.072,0,4,6,288.311,1980,300.14649,-5.693,"Rock"
"1229",0.499445834801,4.36,1,4,9,276.12,2001,295.75791,-7.867,"Country"
"1230",NA,0,1,4,7,209.206,0,213.31546,-11.982,"Rock"
"1231",0.671294134441,0,0,4,1,146.831,2002,155.61098,-2.321,"Rock"
"1232",NA,6.647,1,5,7,292.275,2004,308.76689,-7.255,"Pop"
"1233",0,0,1,5,1,7.131,2002,7.13098,-13.558,"Rap"
"1234",NA,0,0,5,6,203.232,2007,203.2322,-4.995,"Rock"
"1235",NA,0.183,0,4,5,229.82,2000,249.93914,-11.637,"Rock"
"1236",0.972386890817,6.513,1,4,1,156.479,2005,160.31302,-9.385,"Rock"
"1237",0,0.363,0,4,10,242.608,0,247.14404,-6.276,"Latin"
"1238",0.519448581494,2.119,0,4,6,181.748,2003,190.74567,-5.718,"Rap"
"1239",0.427446571488,0.247,1,4,7,230.534,1993,245.73342,-8.997,"World"
"1240",NA,0,1,4,0,187.768,2004,187.76771,-6.09,"Rock"
"1241",NA,0.358,1,4,0,175.369,1956,183.50975,-16.968,"Country"
"1242",NA,2.27,1,4,5,161.018,2004,161.01832,-4.279,"Rock"
"1243",0.607036690746,3.129,1,4,4,287.126,1991,298.57914,-5.899,"Rock"
"1244",0.61284460265,0.131,1,1,7,232.24,2005,237.00853,-9.664,"Rock"
"1245",NA,0.212,0,4,0,269.415,2004,281.70404,-8.061,"Rock"
"1246",0.652097591231,0,0,5,9,140.754,1999,144.01261,-4.527,"Metal"
"1247",0.640370664888,0.193,1,4,6,379.64,0,403.25179,-11.533,"Latin"
"1248",NA,0.2,1,4,5,132.609,1998,144.14322,-15.284,"Rock"
"1249",0.870110631662,0,1,4,11,147.046,2009,154.95791,-8.005,"Pop"
"1250",0.642110731228,0,0,4,10,211.603,1998,230.50404,-8.668,"Rap"
"1251",0.580704292633,0.067,1,4,11,233.935,2002,238.21016,-9.02,"Country"
"1252",0.552547694435,0.194,1,7,0,204.487,1979,211.1473,-8.958,"Rock"
"1253",0.620581548285,0,1,4,1,233.72,2001,235.98975,-7.557,"Rap"
"1254",0.530025614171,0,1,4,1,356.926,2009,369.57995,-6.555,"Electronic"
"1255",0.502211220551,0,1,4,6,402.364,1988,402.36363,-5.454,"Rock"
"1256",NA,0,0,4,0,243.989,0,264.6722,-7.228,"Rap"
"1257",0.755262765181,0.346,0,4,5,192.557,2007,201.27302,-3.892,"Rock"
"1258",NA,0.381,1,1,0,174.591,0,178.25914,-12.518,"Blues"
"1259",0.760343237417,0,0,1,11,207.697,2008,225.12281,-4.808,"Rock"
"1260",NA,0.206,1,4,7,310.37,0,315.97669,-6.823,"Rap"
"1261",0.405115721691,0,0,4,4,213.879,0,227.94404,-6.221,"Rap"
"1262",0.640688280773,0.201,1,4,4,147.342,2000,160.62649,-8.211,"RnB"
"1263",0.587426506702,0.374,1,1,0,189.98,1985,198.53016,-5.233,"Rock"
"1264",NA,0,1,4,2,136.115,1978,141.08689,-6.021,"Rock"
"1265",0.690970954281,0,1,3,3,455.593,2006,475.21914,-8.316,"Metal"
"1266",NA,0,1,3,11,179.409,2006,179.40853,-4.027,"Rock"
"1267",0.594079585373,0.177,1,4,7,386.194,1998,386.19383,-8.087,"Rock"
